trial,testing,parameters,initial_deadline,final_deadline,net_reward,actions,success
1,False,"{'a': 0.5, 'e': 1.0}",25,5,-98.23251533276476,"{0: 13, 1: 2, 2: 3, 3: 0, 4: 2}",1
2,False,"{'a': 0.5, 'e': 0.98}",25,0,-39.26157128744161,"{0: 18, 1: 2, 2: 5, 3: 0, 4: 0}",0
3,False,"{'a': 0.5, 'e': 0.9603999999999999}",20,7,-53.82928941343615,"{0: 10, 1: 0, 2: 1, 3: 1, 4: 1}",1
4,False,"{'a': 0.5, 'e': 0.9411919999999999}",25,3,1.621699354719164,"{0: 18, 1: 2, 2: 2, 3: 0, 4: 0}",1
5,False,"{'a': 0.5, 'e': 0.9223681599999999}",25,0,-95.16828896858023,"{0: 20, 1: 0, 2: 2, 3: 1, 4: 2}",1
6,False,"{'a': 0.5, 'e': 0.9039207967999998}",20,10,-24.420040677888952,"{0: 9, 1: 0, 2: 0, 3: 0, 4: 1}",1
7,False,"{'a': 0.5, 'e': 0.8858423808639998}",35,12,-72.99541929114962,"{0: 18, 1: 1, 2: 2, 3: 0, 4: 2}",1
8,False,"{'a': 0.5, 'e': 0.8681255332467198}",20,1,-72.29573764671684,"{0: 15, 1: 2, 2: 0, 3: 0, 4: 2}",1
9,False,"{'a': 0.5, 'e': 0.8507630225817854}",30,0,-8.334341202179834,"{0: 28, 1: 0, 2: 1, 3: 0, 4: 1}",1
10,False,"{'a': 0.5, 'e': 0.8337477621301497}",30,1,6.21455986267263,"{0: 26, 1: 2, 2: 0, 3: 1, 4: 0}",1
11,False,"{'a': 0.5, 'e': 0.8170728068875467}",20,8,17.617998065953355,"{0: 12, 1: 0, 2: 0, 3: 0, 4: 0}",1
12,False,"{'a': 0.5, 'e': 0.8007313507497957}",20,14,9.67113276259158,"{0: 6, 1: 0, 2: 0, 3: 0, 4: 0}",1
13,False,"{'a': 0.5, 'e': 0.7847167237347998}",20,10,15.821661355660673,"{0: 10, 1: 0, 2: 0, 3: 0, 4: 0}",1
14,False,"{'a': 0.5, 'e': 0.7690223892601038}",20,4,14.727458496040713,"{0: 15, 1: 0, 2: 1, 3: 0, 4: 0}",1
15,False,"{'a': 0.5, 'e': 0.7536419414749017}",30,14,27.02306388275635,"{0: 16, 1: 0, 2: 0, 3: 0, 4: 0}",1
16,False,"{'a': 0.5, 'e': 0.7385691026454037}",20,0,14.051718658633588,"{0: 19, 1: 1, 2: 0, 3: 0, 4: 0}",0
17,False,"{'a': 0.5, 'e': 0.7237977205924956}",35,0,-69.11089440002334,"{0: 29, 1: 1, 2: 2, 3: 1, 4: 2}",0
18,False,"{'a': 0.5, 'e': 0.7093217661806457}",20,15,10.914059958695152,"{0: 5, 1: 0, 2: 0, 3: 0, 4: 0}",1
19,False,"{'a': 0.5, 'e': 0.6951353308570327}",20,9,19.561456369127935,"{0: 11, 1: 0, 2: 0, 3: 0, 4: 0}",1
20,False,"{'a': 0.5, 'e': 0.6812326242398921}",20,8,21.50638708485139,"{0: 12, 1: 0, 2: 0, 3: 0, 4: 0}",1
21,False,"{'a': 0.5, 'e': 0.6676079717550942}",20,12,14.540679699023418,"{0: 8, 1: 0, 2: 0, 3: 0, 4: 0}",1
22,False,"{'a': 0.5, 'e': 0.6542558123199923}",25,11,27.663803966395655,"{0: 14, 1: 0, 2: 0, 3: 0, 4: 0}",1
23,False,"{'a': 0.5, 'e': 0.6411706960735924}",25,15,21.525066811265177,"{0: 10, 1: 0, 2: 0, 3: 0, 4: 0}",1
24,False,"{'a': 0.5, 'e': 0.6283472821521205}",25,5,-30.590796002762445,"{0: 18, 1: 0, 2: 0, 3: 1, 4: 1}",1
25,False,"{'a': 0.5, 'e': 0.6157803365090782}",25,9,26.225425259078502,"{0: 16, 1: 0, 2: 0, 3: 0, 4: 0}",1
26,False,"{'a': 0.5, 'e': 0.6034647297788965}",20,0,23.69329728611815,"{0: 18, 1: 2, 2: 0, 3: 0, 4: 0}",0
27,False,"{'a': 0.5, 'e': 0.5913954351833186}",25,16,17.65440941741308,"{0: 9, 1: 0, 2: 0, 3: 0, 4: 0}",1
28,False,"{'a': 0.5, 'e': 0.5795675264796523}",20,5,4.518743205755803,"{0: 13, 1: 0, 2: 2, 3: 0, 4: 0}",1
29,False,"{'a': 0.5, 'e': 0.5679761759500592}",20,0,35.38876407448083,"{0: 20, 1: 0, 2: 0, 3: 0, 4: 0}",0
30,False,"{'a': 0.5, 'e': 0.5566166524310581}",30,9,38.11900467141139,"{0: 21, 1: 0, 2: 0, 3: 0, 4: 0}",1
31,False,"{'a': 0.5, 'e': 0.5454843193824369}",30,6,40.14515357370625,"{0: 24, 1: 0, 2: 0, 3: 0, 4: 0}",1
32,False,"{'a': 0.5, 'e': 0.5345746329947881}",25,3,38.04955302488992,"{0: 22, 1: 0, 2: 0, 3: 0, 4: 0}",1
33,False,"{'a': 0.5, 'e': 0.5238831403348924}",20,0,-35.46728427003906,"{0: 18, 1: 0, 2: 0, 3: 1, 4: 1}",0
34,False,"{'a': 0.5, 'e': 0.5134054775281945}",20,14,9.894515494089301,"{0: 6, 1: 0, 2: 0, 3: 0, 4: 0}",1
35,False,"{'a': 0.5, 'e': 0.5031373679776306}",20,12,15.583253701732524,"{0: 8, 1: 0, 2: 0, 3: 0, 4: 0}",1
36,False,"{'a': 0.5, 'e': 0.493074620618078}",20,0,28.77120365306836,"{0: 20, 1: 0, 2: 0, 3: 0, 4: 0}",0
37,False,"{'a': 0.5, 'e': 0.48321312820571644}",20,0,-35.75799540935155,"{0: 17, 1: 1, 2: 1, 3: 0, 4: 1}",0
38,False,"{'a': 0.5, 'e': 0.4735488656416021}",20,1,-3.7816522732304265,"{0: 18, 1: 0, 2: 0, 3: 0, 4: 1}",1
39,False,"{'a': 0.5, 'e': 0.46407788832877006}",25,0,23.8428537652653,"{0: 24, 1: 0, 2: 1, 3: 0, 4: 0}",0
40,False,"{'a': 0.5, 'e': 0.45479633056219465}",25,0,40.435968120292415,"{0: 25, 1: 0, 2: 0, 3: 0, 4: 0}",0
41,False,"{'a': 0.5, 'e': 0.44570040395095073}",20,0,28.823898857861757,"{0: 20, 1: 0, 2: 0, 3: 0, 4: 0}",0
42,False,"{'a': 0.5, 'e': 0.4367863958719317}",20,0,25.18539018119104,"{0: 20, 1: 0, 2: 0, 3: 0, 4: 0}",0
43,False,"{'a': 0.5, 'e': 0.42805066795449304}",20,11,15.47703472276571,"{0: 9, 1: 0, 2: 0, 3: 0, 4: 0}",1
44,False,"{'a': 0.5, 'e': 0.41948965459540316}",30,14,19.019431851272905,"{0: 15, 1: 0, 2: 1, 3: 0, 4: 0}",1
45,False,"{'a': 0.5, 'e': 0.4110998615034951}",20,0,31.857508579042715,"{0: 20, 1: 0, 2: 0, 3: 0, 4: 0}",0
46,False,"{'a': 0.5, 'e': 0.4028778642734252}",20,7,24.506071579323198,"{0: 13, 1: 0, 2: 0, 3: 0, 4: 0}",1
47,False,"{'a': 0.5, 'e': 0.39482030698795667}",20,0,-37.2622756316532,"{0: 18, 1: 0, 2: 0, 3: 1, 4: 1}",0
48,False,"{'a': 0.5, 'e': 0.38692390084819756}",25,10,23.880670266400166,"{0: 15, 1: 0, 2: 0, 3: 0, 4: 0}",1
49,False,"{'a': 0.5, 'e': 0.3791854228312336}",25,12,19.929702763765533,"{0: 13, 1: 0, 2: 0, 3: 0, 4: 0}",1
50,False,"{'a': 0.5, 'e': 0.37160171437460887}",20,2,29.086539354906392,"{0: 18, 1: 0, 2: 0, 3: 0, 4: 0}",1
51,False,"{'a': 0.5, 'e': 0.3641696800871167}",25,11,27.54970914365862,"{0: 14, 1: 0, 2: 0, 3: 0, 4: 0}",1
52,False,"{'a': 0.5, 'e': 0.35688628648537435}",30,10,35.82187772800582,"{0: 20, 1: 0, 2: 0, 3: 0, 4: 0}",1
53,False,"{'a': 0.5, 'e': 0.34974856075566685}",20,10,-27.622523583060037,"{0: 8, 1: 0, 2: 0, 3: 2, 4: 0}",1
54,False,"{'a': 0.5, 'e': 0.3427535895405535}",25,2,39.52231526568512,"{0: 23, 1: 0, 2: 0, 3: 0, 4: 0}",1
55,False,"{'a': 0.5, 'e': 0.33589851774974244}",20,11,19.876536728852383,"{0: 9, 1: 0, 2: 0, 3: 0, 4: 0}",1
56,False,"{'a': 0.5, 'e': 0.3291805473947476}",20,16,5.262646297594053,"{0: 4, 1: 0, 2: 0, 3: 0, 4: 0}",1
57,False,"{'a': 0.5, 'e': 0.32259693644685267}",35,22,21.610132264674093,"{0: 13, 1: 0, 2: 0, 3: 0, 4: 0}",1
58,False,"{'a': 0.5, 'e': 0.3161449977179156}",25,5,23.602570220019103,"{0: 19, 1: 1, 2: 0, 3: 0, 4: 0}",1
59,False,"{'a': 0.5, 'e': 0.3098220977635573}",25,5,10.011515932758579,"{0: 19, 1: 0, 2: 0, 3: 1, 4: 0}",1
60,False,"{'a': 0.5, 'e': 0.30362565580828615}",25,12,-62.09141454968594,"{0: 11, 1: 0, 2: 0, 3: 0, 4: 2}",1
61,False,"{'a': 0.5, 'e': 0.2975531426921204}",30,19,19.41764432294241,"{0: 11, 1: 0, 2: 0, 3: 0, 4: 0}",1
62,False,"{'a': 0.5, 'e': 0.291602079838278}",20,2,18.230647369090455,"{0: 17, 1: 1, 2: 0, 3: 0, 4: 0}",1
63,False,"{'a': 0.5, 'e': 0.2857700382415124}",35,23,20.105362874668657,"{0: 12, 1: 0, 2: 0, 3: 0, 4: 0}",1
64,False,"{'a': 0.5, 'e': 0.2800546374766822}",20,14,-30.842255988106693,"{0: 5, 1: 0, 2: 0, 3: 0, 4: 1}",1
65,False,"{'a': 0.5, 'e': 0.27445354472714856}",25,13,20.777137569990145,"{0: 12, 1: 0, 2: 0, 3: 0, 4: 0}",1
66,False,"{'a': 0.5, 'e': 0.2689644738326056}",20,11,16.279025966673164,"{0: 9, 1: 0, 2: 0, 3: 0, 4: 0}",1
67,False,"{'a': 0.5, 'e': 0.26358518435595346}",25,15,19.170958955793182,"{0: 10, 1: 0, 2: 0, 3: 0, 4: 0}",1
68,False,"{'a': 0.5, 'e': 0.25831348066883436}",20,4,22.28268257813413,"{0: 16, 1: 0, 2: 0, 3: 0, 4: 0}",1
69,False,"{'a': 0.5, 'e': 0.2531472110554577}",20,0,32.4216456700531,"{0: 20, 1: 0, 2: 0, 3: 0, 4: 0}",1
70,False,"{'a': 0.5, 'e': 0.24808426683434853}",20,3,32.74335761493443,"{0: 17, 1: 0, 2: 0, 3: 0, 4: 0}",1
71,False,"{'a': 0.5, 'e': 0.24312258149766156}",20,9,19.450047902225208,"{0: 11, 1: 0, 2: 0, 3: 0, 4: 0}",1
72,False,"{'a': 0.5, 'e': 0.2382601298677083}",25,6,33.62214747540673,"{0: 19, 1: 0, 2: 0, 3: 0, 4: 0}",1
73,False,"{'a': 0.5, 'e': 0.23349492727035415}",25,0,-1.9262812329807801,"{0: 24, 1: 0, 2: 0, 3: 0, 4: 1}",0
74,False,"{'a': 0.5, 'e': 0.22882502872494706}",30,4,39.77770756459784,"{0: 26, 1: 0, 2: 0, 3: 0, 4: 0}",1
75,False,"{'a': 0.5, 'e': 0.22424852815044813}",20,7,23.303109517716248,"{0: 13, 1: 0, 2: 0, 3: 0, 4: 0}",1
76,False,"{'a': 0.5, 'e': 0.21976355758743915}",20,0,4.142912154272589,"{0: 19, 1: 0, 2: 0, 3: 1, 4: 0}",0
77,False,"{'a': 0.5, 'e': 0.21536828643569036}",20,7,16.333627563874007,"{0: 12, 1: 1, 2: 0, 3: 0, 4: 0}",1
78,False,"{'a': 0.5, 'e': 0.21106092070697655}",25,13,25.45085526289575,"{0: 12, 1: 0, 2: 0, 3: 0, 4: 0}",1
79,False,"{'a': 0.5, 'e': 0.20683970229283702}",30,19,23.72326030838025,"{0: 11, 1: 0, 2: 0, 3: 0, 4: 0}",1
80,False,"{'a': 0.5, 'e': 0.20270290824698028}",20,10,20.205534845066055,"{0: 10, 1: 0, 2: 0, 3: 0, 4: 0}",1
81,False,"{'a': 0.5, 'e': 0.19864885008204067}",20,13,11.690811748624636,"{0: 7, 1: 0, 2: 0, 3: 0, 4: 0}",1
82,False,"{'a': 0.5, 'e': 0.19467587308039985}",20,0,26.016829188985003,"{0: 20, 1: 0, 2: 0, 3: 0, 4: 0}",0
83,False,"{'a': 0.5, 'e': 0.19078235561879187}",20,14,10.744996106278268,"{0: 6, 1: 0, 2: 0, 3: 0, 4: 0}",1
84,False,"{'a': 0.5, 'e': 0.18696670850641603}",20,12,13.43266833110062,"{0: 8, 1: 0, 2: 0, 3: 0, 4: 0}",1
85,False,"{'a': 0.5, 'e': 0.18322737433628772}",30,5,42.31475691264138,"{0: 25, 1: 0, 2: 0, 3: 0, 4: 0}",1
86,False,"{'a': 0.5, 'e': 0.17956282684956196}",25,0,30.38313908938998,"{0: 25, 1: 0, 2: 0, 3: 0, 4: 0}",0
87,False,"{'a': 0.5, 'e': 0.1759715703125707}",20,0,30.59150911852607,"{0: 20, 1: 0, 2: 0, 3: 0, 4: 0}",0
88,False,"{'a': 0.5, 'e': 0.1724521389063193}",20,14,12.24780912835752,"{0: 6, 1: 0, 2: 0, 3: 0, 4: 0}",1
89,False,"{'a': 0.5, 'e': 0.16900309612819292}",20,10,18.234324514855338,"{0: 10, 1: 0, 2: 0, 3: 0, 4: 0}",1
90,False,"{'a': 0.5, 'e': 0.16562303420562907}",20,0,29.658712728553862,"{0: 20, 1: 0, 2: 0, 3: 0, 4: 0}",1
91,False,"{'a': 0.5, 'e': 0.16231057352151648}",25,6,32.3149104471832,"{0: 19, 1: 0, 2: 0, 3: 0, 4: 0}",1
92,False,"{'a': 0.5, 'e': 0.15906436205108615}",25,15,18.460314001207983,"{0: 10, 1: 0, 2: 0, 3: 0, 4: 0}",1
93,False,"{'a': 0.5, 'e': 0.15588307481006441}",20,4,24.966311204261125,"{0: 16, 1: 0, 2: 0, 3: 0, 4: 0}",1
94,False,"{'a': 0.5, 'e': 0.15276541331386312}",20,10,-5.698876201597098,"{0: 9, 1: 0, 2: 0, 3: 1, 4: 0}",1
95,False,"{'a': 0.5, 'e': 0.14971010504758586}",20,13,11.235272487933909,"{0: 7, 1: 0, 2: 0, 3: 0, 4: 0}",1
96,False,"{'a': 0.5, 'e': 0.14671590294663414}",25,0,34.41255929468483,"{0: 25, 1: 0, 2: 0, 3: 0, 4: 0}",0
97,False,"{'a': 0.5, 'e': 0.14378158488770146}",20,13,15.355023600964554,"{0: 7, 1: 0, 2: 0, 3: 0, 4: 0}",1
98,False,"{'a': 0.5, 'e': 0.14090595318994742}",20,14,11.155650750390246,"{0: 6, 1: 0, 2: 0, 3: 0, 4: 0}",1
99,False,"{'a': 0.5, 'e': 0.13808783412614847}",20,2,28.105049264254543,"{0: 18, 1: 0, 2: 0, 3: 0, 4: 0}",1
100,False,"{'a': 0.5, 'e': 0.13532607744362551}",30,14,27.661400626661994,"{0: 16, 1: 0, 2: 0, 3: 0, 4: 0}",1
101,False,"{'a': 0.5, 'e': 0.132619555894753}",25,7,33.39936685380965,"{0: 18, 1: 0, 2: 0, 3: 0, 4: 0}",1
102,False,"{'a': 0.5, 'e': 0.12996716477685794}",25,15,15.905703271396254,"{0: 10, 1: 0, 2: 0, 3: 0, 4: 0}",1
103,False,"{'a': 0.5, 'e': 0.12736782148132078}",25,9,24.97069199397116,"{0: 16, 1: 0, 2: 0, 3: 0, 4: 0}",1
104,False,"{'a': 0.5, 'e': 0.12482046505169436}",25,10,-17.981851880097462,"{0: 14, 1: 0, 2: 0, 3: 0, 4: 1}",1
105,False,"{'a': 0.5, 'e': 0.12232405575066048}",30,0,46.5038132234902,"{0: 30, 1: 0, 2: 0, 3: 0, 4: 0}",0
106,False,"{'a': 0.5, 'e': 0.11987757463564727}",20,8,20.114633221155245,"{0: 12, 1: 0, 2: 0, 3: 0, 4: 0}",1
107,False,"{'a': 0.5, 'e': 0.11748002314293432}",20,7,23.778934739343253,"{0: 13, 1: 0, 2: 0, 3: 0, 4: 0}",1
108,False,"{'a': 0.5, 'e': 0.11513042268007563}",30,3,36.99898761610244,"{0: 27, 1: 0, 2: 0, 3: 0, 4: 0}",1
109,False,"{'a': 0.5, 'e': 0.11282781422647412}",25,13,24.844558576562438,"{0: 12, 1: 0, 2: 0, 3: 0, 4: 0}",1
110,False,"{'a': 0.5, 'e': 0.11057125794194463}",25,13,25.95360754222438,"{0: 12, 1: 0, 2: 0, 3: 0, 4: 0}",1
111,False,"{'a': 0.5, 'e': 0.10835983278310574}",20,10,16.19927527322002,"{0: 10, 1: 0, 2: 0, 3: 0, 4: 0}",1
112,False,"{'a': 0.5, 'e': 0.10619263612744362}",20,10,15.767445284840157,"{0: 10, 1: 0, 2: 0, 3: 0, 4: 0}",1
113,False,"{'a': 0.5, 'e': 0.10406878340489474}",20,9,18.125120586606705,"{0: 11, 1: 0, 2: 0, 3: 0, 4: 0}",1
114,False,"{'a': 0.5, 'e': 0.10198740773679685}",20,2,26.90691622123783,"{0: 18, 1: 0, 2: 0, 3: 0, 4: 0}",1
115,False,"{'a': 0.5, 'e': 0.09994765958206091}",30,11,31.06604693177628,"{0: 19, 1: 0, 2: 0, 3: 0, 4: 0}",1
116,False,"{'a': 0.5, 'e': 0.0979487063904197}",25,15,15.005600808921084,"{0: 10, 1: 0, 2: 0, 3: 0, 4: 0}",1
117,False,"{'a': 0.5, 'e': 0.0959897322626113}",30,3,45.141737357289124,"{0: 27, 1: 0, 2: 0, 3: 0, 4: 0}",1
118,False,"{'a': 0.5, 'e': 0.09406993761735907}",20,0,25.387829394128573,"{0: 20, 1: 0, 2: 0, 3: 0, 4: 0}",0
119,False,"{'a': 0.5, 'e': 0.0921885388650119}",25,3,37.516014993321946,"{0: 22, 1: 0, 2: 0, 3: 0, 4: 0}",1
120,False,"{'a': 0.5, 'e': 0.09034476808771166}",30,10,29.153810514339636,"{0: 20, 1: 0, 2: 0, 3: 0, 4: 0}",1
121,False,"{'a': 0.5, 'e': 0.08853787272595742}",20,11,12.571938490271712,"{0: 9, 1: 0, 2: 0, 3: 0, 4: 0}",1
122,False,"{'a': 0.5, 'e': 0.08676711527143827}",20,0,28.28240395624724,"{0: 20, 1: 0, 2: 0, 3: 0, 4: 0}",0
123,False,"{'a': 0.5, 'e': 0.0850317729660095}",20,6,-21.828084138538852,"{0: 13, 1: 0, 2: 0, 3: 0, 4: 1}",1
124,False,"{'a': 0.5, 'e': 0.08333113750668932}",30,20,17.469121934999112,"{0: 10, 1: 0, 2: 0, 3: 0, 4: 0}",1
125,False,"{'a': 0.5, 'e': 0.08166451475655553}",20,12,9.806881608631159,"{0: 8, 1: 0, 2: 0, 3: 0, 4: 0}",1
126,False,"{'a': 0.5, 'e': 0.08003122446142442}",20,0,25.116149041760313,"{0: 20, 1: 0, 2: 0, 3: 0, 4: 0}",0
127,False,"{'a': 0.5, 'e': 0.07843059997219594}",25,0,34.49779121824801,"{0: 25, 1: 0, 2: 0, 3: 0, 4: 0}",1
128,False,"{'a': 0.5, 'e': 0.07686198797275202}",30,16,21.86371466737988,"{0: 14, 1: 0, 2: 0, 3: 0, 4: 0}",1
129,False,"{'a': 0.5, 'e': 0.07532474821329699}",30,19,20.193349325113672,"{0: 11, 1: 0, 2: 0, 3: 0, 4: 0}",1
130,False,"{'a': 0.5, 'e': 0.07381825324903105}",30,7,37.24559469683473,"{0: 23, 1: 0, 2: 0, 3: 0, 4: 0}",1
131,False,"{'a': 0.5, 'e': 0.07234188818405042}",20,15,8.26724662976471,"{0: 5, 1: 0, 2: 0, 3: 0, 4: 0}",1
132,False,"{'a': 0.5, 'e': 0.07089505042036941}",20,0,31.90375606595025,"{0: 20, 1: 0, 2: 0, 3: 0, 4: 0}",0
133,False,"{'a': 0.5, 'e': 0.06947714941196202}",30,16,20.460254897936366,"{0: 14, 1: 0, 2: 0, 3: 0, 4: 0}",1
134,False,"{'a': 0.5, 'e': 0.06808760642372277}",20,11,17.49822261090425,"{0: 9, 1: 0, 2: 0, 3: 0, 4: 0}",1
135,False,"{'a': 0.5, 'e': 0.06672585429524831}",20,13,14.26844476033764,"{0: 7, 1: 0, 2: 0, 3: 0, 4: 0}",1
136,False,"{'a': 0.5, 'e': 0.06539133720934334}",25,8,23.815521677308574,"{0: 17, 1: 0, 2: 0, 3: 0, 4: 0}",1
137,False,"{'a': 0.5, 'e': 0.06408351046515648}",20,0,29.76314167595839,"{0: 20, 1: 0, 2: 0, 3: 0, 4: 0}",0
138,False,"{'a': 0.5, 'e': 0.06280184025585335}",25,19,10.337829946742156,"{0: 6, 1: 0, 2: 0, 3: 0, 4: 0}",1
139,False,"{'a': 0.5, 'e': 0.061545803450736285}",30,16,24.335431143538113,"{0: 14, 1: 0, 2: 0, 3: 0, 4: 0}",1
140,False,"{'a': 0.5, 'e': 0.060314887381721555}",20,14,12.964748875287679,"{0: 6, 1: 0, 2: 0, 3: 0, 4: 0}",1
141,False,"{'a': 0.5, 'e': 0.05910858963408712}",25,13,22.276072448601763,"{0: 12, 1: 0, 2: 0, 3: 0, 4: 0}",1
142,False,"{'a': 0.5, 'e': 0.05792641784140538}",25,15,19.557784383027894,"{0: 10, 1: 0, 2: 0, 3: 0, 4: 0}",1
143,False,"{'a': 0.5, 'e': 0.05676788948457727}",20,15,9.734011577054169,"{0: 5, 1: 0, 2: 0, 3: 0, 4: 0}",1
144,False,"{'a': 0.5, 'e': 0.055632531694885724}",25,0,-7.546495785603182,"{0: 24, 1: 0, 2: 0, 3: 0, 4: 1}",0
145,False,"{'a': 0.5, 'e': 0.054519881060988006}",20,0,24.078100607536694,"{0: 20, 1: 0, 2: 0, 3: 0, 4: 0}",0
146,False,"{'a': 0.5, 'e': 0.05342948343976824}",25,13,26.09495197504108,"{0: 12, 1: 0, 2: 0, 3: 0, 4: 0}",1
147,False,"{'a': 0.5, 'e': 0.052360893770972874}",20,2,28.726974772148296,"{0: 18, 1: 0, 2: 0, 3: 0, 4: 0}",1
148,False,"{'a': 0.5, 'e': 0.05131367589555342}",20,4,30.09727593631336,"{0: 16, 1: 0, 2: 0, 3: 0, 4: 0}",1
149,False,"{'a': 0.5, 'e': 0.05028740237764235}",35,14,34.11314315259188,"{0: 21, 1: 0, 2: 0, 3: 0, 4: 0}",1
150,False,"{'a': 0.5, 'e': 0.0492816543300895}",25,1,37.96393235868321,"{0: 24, 1: 0, 2: 0, 3: 0, 4: 0}",1
151,False,"{'a': 0.5, 'e': 0.04829602124348771}",25,3,30.556572028074218,"{0: 22, 1: 0, 2: 0, 3: 0, 4: 0}",1
152,False,"{'a': 0.5, 'e': 0.04733010081861796}",20,0,31.777816199683496,"{0: 20, 1: 0, 2: 0, 3: 0, 4: 0}",0
153,False,"{'a': 0.5, 'e': 0.0463834988022456}",35,12,39.56451097777728,"{0: 23, 1: 0, 2: 0, 3: 0, 4: 0}",1
154,False,"{'a': 0.5, 'e': 0.04545582882620069}",20,9,14.59046750185978,"{0: 11, 1: 0, 2: 0, 3: 0, 4: 0}",1
155,False,"{'a': 0.5, 'e': 0.04454671224967667}",25,11,22.72673778871679,"{0: 14, 1: 0, 2: 0, 3: 0, 4: 0}",1
156,False,"{'a': 0.5, 'e': 0.043655778004683135}",35,21,24.706086663929177,"{0: 14, 1: 0, 2: 0, 3: 0, 4: 0}",1
157,False,"{'a': 0.5, 'e': 0.04278266244458947}",20,13,14.305165351944996,"{0: 7, 1: 0, 2: 0, 3: 0, 4: 0}",1
158,False,"{'a': 0.5, 'e': 0.04192700919569768}",35,20,26.740171269062863,"{0: 15, 1: 0, 2: 0, 3: 0, 4: 0}",1
159,False,"{'a': 0.5, 'e': 0.04108846901178373}",30,5,43.668731456869494,"{0: 25, 1: 0, 2: 0, 3: 0, 4: 0}",1
160,False,"{'a': 0.5, 'e': 0.04026669963154805}",20,12,16.538910434578533,"{0: 8, 1: 0, 2: 0, 3: 0, 4: 0}",1
161,False,"{'a': 0.5, 'e': 0.03946136563891709}",35,16,34.863990474956154,"{0: 19, 1: 0, 2: 0, 3: 0, 4: 0}",1
162,False,"{'a': 0.5, 'e': 0.03867213832613875}",25,11,22.10183917643241,"{0: 14, 1: 0, 2: 0, 3: 0, 4: 0}",1
163,False,"{'a': 0.5, 'e': 0.037898695559615975}",20,0,23.37998091074382,"{0: 20, 1: 0, 2: 0, 3: 0, 4: 0}",0
164,False,"{'a': 0.5, 'e': 0.03714072164842366}",30,14,25.972989311270858,"{0: 16, 1: 0, 2: 0, 3: 0, 4: 0}",1
165,False,"{'a': 0.5, 'e': 0.03639790721545518}",20,6,24.53359928071682,"{0: 14, 1: 0, 2: 0, 3: 0, 4: 0}",1
166,False,"{'a': 0.5, 'e': 0.035669949071146075}",20,11,16.775383105492626,"{0: 9, 1: 0, 2: 0, 3: 0, 4: 0}",1
167,False,"{'a': 0.5, 'e': 0.034956550089723155}",20,3,-17.825852119764185,"{0: 16, 1: 0, 2: 0, 3: 0, 4: 1}",1
168,False,"{'a': 0.5, 'e': 0.03425741908792869}",20,7,21.981473236828197,"{0: 13, 1: 0, 2: 0, 3: 0, 4: 0}",1
169,False,"{'a': 0.5, 'e': 0.03357227070617012}",25,0,35.570392698840884,"{0: 25, 1: 0, 2: 0, 3: 0, 4: 0}",0
170,False,"{'a': 0.5, 'e': 0.032900825292046715}",20,8,20.951999496539774,"{0: 12, 1: 0, 2: 0, 3: 0, 4: 0}",1
171,False,"{'a': 0.5, 'e': 0.03224280878620578}",20,8,20.556468392307828,"{0: 12, 1: 0, 2: 0, 3: 0, 4: 0}",1
172,False,"{'a': 0.5, 'e': 0.031597952610481664}",25,4,6.458309131776024,"{0: 20, 1: 0, 2: 0, 3: 1, 4: 0}",1
173,False,"{'a': 0.5, 'e': 0.03096599355827203}",25,9,27.994231954704222,"{0: 16, 1: 0, 2: 0, 3: 0, 4: 0}",1
174,False,"{'a': 0.5, 'e': 0.030346673687106588}",25,2,38.915110054471725,"{0: 23, 1: 0, 2: 0, 3: 0, 4: 0}",1
175,False,"{'a': 0.5, 'e': 0.029739740213364455}",30,24,11.151205214250899,"{0: 6, 1: 0, 2: 0, 3: 0, 4: 0}",1
176,False,"{'a': 0.5, 'e': 0.029144945409097164}",30,14,32.48158645655444,"{0: 16, 1: 0, 2: 0, 3: 0, 4: 0}",1
177,False,"{'a': 0.5, 'e': 0.02856204650091522}",25,0,38.448415605229265,"{0: 25, 1: 0, 2: 0, 3: 0, 4: 0}",0
178,False,"{'a': 0.5, 'e': 0.027990805570896914}",20,12,15.161713105441274,"{0: 8, 1: 0, 2: 0, 3: 0, 4: 0}",1
179,False,"{'a': 0.5, 'e': 0.027430989459478975}",30,24,8.62218666047464,"{0: 6, 1: 0, 2: 0, 3: 0, 4: 0}",1
180,False,"{'a': 0.5, 'e': 0.026882369670289397}",25,18,12.235818613556628,"{0: 7, 1: 0, 2: 0, 3: 0, 4: 0}",1
181,False,"{'a': 0.5, 'e': 0.026344722276883607}",35,0,46.180171344038655,"{0: 35, 1: 0, 2: 0, 3: 0, 4: 0}",0
182,False,"{'a': 0.5, 'e': 0.025817827831345935}",30,18,21.832391080677127,"{0: 12, 1: 0, 2: 0, 3: 0, 4: 0}",1
183,False,"{'a': 0.5, 'e': 0.025301471274719014}",20,0,26.23749447258062,"{0: 20, 1: 0, 2: 0, 3: 0, 4: 0}",0
184,False,"{'a': 0.5, 'e': 0.024795441849224633}",30,22,14.633623821561304,"{0: 8, 1: 0, 2: 0, 3: 0, 4: 0}",1
185,False,"{'a': 0.5, 'e': 0.02429953301224014}",25,14,19.361491196614377,"{0: 11, 1: 0, 2: 0, 3: 0, 4: 0}",1
186,False,"{'a': 0.5, 'e': 0.02381354235199534}",20,10,20.451282351039367,"{0: 10, 1: 0, 2: 0, 3: 0, 4: 0}",1
187,False,"{'a': 0.5, 'e': 0.02333727150495543}",30,19,20.750740385097078,"{0: 11, 1: 0, 2: 0, 3: 0, 4: 0}",1
188,False,"{'a': 0.5, 'e': 0.02287052607485632}",30,18,22.097882663556057,"{0: 12, 1: 0, 2: 0, 3: 0, 4: 0}",1
189,False,"{'a': 0.5, 'e': 0.022413115553359196}",20,15,10.510431465424498,"{0: 5, 1: 0, 2: 0, 3: 0, 4: 0}",1
190,False,"{'a': 0.5, 'e': 0.021964853242292012}",25,19,9.806288181898761,"{0: 6, 1: 0, 2: 0, 3: 0, 4: 0}",1
191,False,"{'a': 0.5, 'e': 0.02152555617744617}",20,1,24.20609710029326,"{0: 19, 1: 0, 2: 0, 3: 0, 4: 0}",1
192,False,"{'a': 0.5, 'e': 0.021095045053897248}",20,0,23.789137123899216,"{0: 20, 1: 0, 2: 0, 3: 0, 4: 0}",0
193,False,"{'a': 0.5, 'e': 0.020673144152819303}",20,7,23.157460654318736,"{0: 13, 1: 0, 2: 0, 3: 0, 4: 0}",1
194,False,"{'a': 0.5, 'e': 0.02025968126976292}",25,17,12.533569134950188,"{0: 8, 1: 0, 2: 0, 3: 0, 4: 0}",1
195,False,"{'a': 0.5, 'e': 0.01985448764436766}",20,2,27.480734578675037,"{0: 18, 1: 0, 2: 0, 3: 0, 4: 0}",1
196,False,"{'a': 0.5, 'e': 0.019457397891480308}",25,16,14.57215541135309,"{0: 9, 1: 0, 2: 0, 3: 0, 4: 0}",1
197,False,"{'a': 0.5, 'e': 0.0190682499336507}",20,0,24.88825218117907,"{0: 20, 1: 0, 2: 0, 3: 0, 4: 0}",0
198,False,"{'a': 0.5, 'e': 0.018686884934977686}",20,4,31.561146865850258,"{0: 16, 1: 0, 2: 0, 3: 0, 4: 0}",1
199,False,"{'a': 0.5, 'e': 0.01831314723627813}",20,7,24.337726386173106,"{0: 13, 1: 0, 2: 0, 3: 0, 4: 0}",1
200,False,"{'a': 0.5, 'e': 0.017946884291552567}",25,14,18.265436515454564,"{0: 11, 1: 0, 2: 0, 3: 0, 4: 0}",1
201,False,"{'a': 0.5, 'e': 0.017587946605721515}",25,18,9.976665915792227,"{0: 7, 1: 0, 2: 0, 3: 0, 4: 0}",1
202,False,"{'a': 0.5, 'e': 0.017236187673607083}",30,0,46.17778546217932,"{0: 30, 1: 0, 2: 0, 3: 0, 4: 0}",0
203,False,"{'a': 0.5, 'e': 0.016891463920134943}",35,21,27.205035763019755,"{0: 14, 1: 0, 2: 0, 3: 0, 4: 0}",1
204,False,"{'a': 0.5, 'e': 0.016553634641732245}",20,0,26.79947604258372,"{0: 20, 1: 0, 2: 0, 3: 0, 4: 0}",0
205,False,"{'a': 0.5, 'e': 0.0162225619488976}",25,17,14.974676798315462,"{0: 8, 1: 0, 2: 0, 3: 0, 4: 0}",1
206,False,"{'a': 0.5, 'e': 0.015898110709919647}",20,5,27.003917453870148,"{0: 15, 1: 0, 2: 0, 3: 0, 4: 0}",1
207,False,"{'a': 0.5, 'e': 0.015580148495721254}",25,12,26.208531207001,"{0: 13, 1: 0, 2: 0, 3: 0, 4: 0}",1
208,False,"{'a': 0.5, 'e': 0.015268545525806828}",20,8,19.670957806202768,"{0: 12, 1: 0, 2: 0, 3: 0, 4: 0}",1
209,False,"{'a': 0.5, 'e': 0.014963174615290691}",30,6,45.193378816387586,"{0: 24, 1: 0, 2: 0, 3: 0, 4: 0}",1
210,False,"{'a': 0.5, 'e': 0.014663911122984877}",30,19,21.883976881686074,"{0: 11, 1: 0, 2: 0, 3: 0, 4: 0}",1
211,False,"{'a': 0.5, 'e': 0.01437063290052518}",25,0,39.52781813032868,"{0: 25, 1: 0, 2: 0, 3: 0, 4: 0}",0
212,False,"{'a': 0.5, 'e': 0.014083220242514675}",20,4,24.371888318308198,"{0: 16, 1: 0, 2: 0, 3: 0, 4: 0}",1
213,False,"{'a': 0.5, 'e': 0.013801555837664382}",25,7,28.287056864574208,"{0: 18, 1: 0, 2: 0, 3: 0, 4: 0}",1
214,False,"{'a': 0.5, 'e': 0.013525524720911095}",20,0,26.87415300395574,"{0: 20, 1: 0, 2: 0, 3: 0, 4: 0}",0
215,False,"{'a': 0.5, 'e': 0.013255014226492874}",20,11,15.06155964246863,"{0: 9, 1: 0, 2: 0, 3: 0, 4: 0}",1
216,False,"{'a': 0.5, 'e': 0.012989913941963017}",30,7,34.58005099681333,"{0: 23, 1: 0, 2: 0, 3: 0, 4: 0}",1
217,False,"{'a': 0.5, 'e': 0.012730115663123756}",20,1,29.181620648643534,"{0: 19, 1: 0, 2: 0, 3: 0, 4: 0}",1
218,False,"{'a': 0.5, 'e': 0.012475513349861281}",20,4,27.55879895586118,"{0: 16, 1: 0, 2: 0, 3: 0, 4: 0}",1
219,False,"{'a': 0.5, 'e': 0.012226003082864055}",25,7,25.319644518933163,"{0: 18, 1: 0, 2: 0, 3: 0, 4: 0}",1
220,False,"{'a': 0.5, 'e': 0.011981483021206774}",25,14,20.17375503519211,"{0: 11, 1: 0, 2: 0, 3: 0, 4: 0}",1
221,False,"{'a': 0.5, 'e': 0.011741853360782638}",30,0,42.69307409994658,"{0: 30, 1: 0, 2: 0, 3: 0, 4: 0}",0
222,False,"{'a': 0.5, 'e': 0.011507016293566985}",25,7,15.376700904228008,"{0: 17, 1: 0, 2: 1, 3: 0, 4: 0}",1
223,False,"{'a': 0.5, 'e': 0.011276875967695645}",25,13,17.307120544683485,"{0: 12, 1: 0, 2: 0, 3: 0, 4: 0}",1
224,False,"{'a': 0.5, 'e': 0.011051338448341731}",25,5,28.048359544324555,"{0: 20, 1: 0, 2: 0, 3: 0, 4: 0}",1
225,False,"{'a': 0.5, 'e': 0.010830311679374895}",20,14,10.558780088958354,"{0: 6, 1: 0, 2: 0, 3: 0, 4: 0}",1
226,False,"{'a': 0.5, 'e': 0.010613705445787398}",35,18,27.965950984210128,"{0: 17, 1: 0, 2: 0, 3: 0, 4: 0}",1
227,False,"{'a': 0.5, 'e': 0.01040143133687165}",20,12,14.939526057461586,"{0: 8, 1: 0, 2: 0, 3: 0, 4: 0}",1
228,False,"{'a': 0.5, 'e': 0.010193402710134216}",20,16,6.586051369278179,"{0: 4, 1: 0, 2: 0, 3: 0, 4: 0}",1
229,False,"{'a': 0.5, 'e': 0.009989534655931531}",20,7,21.297959120294166,"{0: 13, 1: 0, 2: 0, 3: 0, 4: 0}",1
230,False,"{'a': 0.5, 'e': 0.0097897439628129}",30,19,18.681031157281623,"{0: 11, 1: 0, 2: 0, 3: 0, 4: 0}",1
231,False,"{'a': 0.5, 'e': 0.009593949083556642}",30,5,36.20924982436703,"{0: 25, 1: 0, 2: 0, 3: 0, 4: 0}",1
232,False,"{'a': 0.5, 'e': 0.009402070101885509}",20,12,10.820156532534783,"{0: 8, 1: 0, 2: 0, 3: 0, 4: 0}",1
233,False,"{'a': 0.5, 'e': 0.009214028699847799}",20,16,7.770932054886584,"{0: 4, 1: 0, 2: 0, 3: 0, 4: 0}",1
234,False,"{'a': 0.5, 'e': 0.009029748125850843}",25,11,25.55503169032665,"{0: 14, 1: 0, 2: 0, 3: 0, 4: 0}",1
235,False,"{'a': 0.5, 'e': 0.008849153163333826}",20,5,20.84806137933813,"{0: 15, 1: 0, 2: 0, 3: 0, 4: 0}",1
236,False,"{'a': 0.5, 'e': 0.008672170100067149}",25,19,10.195744908865464,"{0: 6, 1: 0, 2: 0, 3: 0, 4: 0}",1
237,False,"{'a': 0.5, 'e': 0.008498726698065806}",20,14,11.181190397047281,"{0: 6, 1: 0, 2: 0, 3: 0, 4: 0}",1
238,False,"{'a': 0.5, 'e': 0.00832875216410449}",25,6,30.747718232288697,"{0: 19, 1: 0, 2: 0, 3: 0, 4: 0}",1
239,False,"{'a': 0.5, 'e': 0.0081621771208224}",30,0,48.6690974864454,"{0: 30, 1: 0, 2: 0, 3: 0, 4: 0}",0
240,False,"{'a': 0.5, 'e': 0.007998933578405951}",20,6,26.15338682756779,"{0: 14, 1: 0, 2: 0, 3: 0, 4: 0}",1
241,False,"{'a': 0.5, 'e': 0.007838954906837833}",25,15,17.949711552100716,"{0: 10, 1: 0, 2: 0, 3: 0, 4: 0}",1
242,False,"{'a': 0.5, 'e': 0.007682175808701076}",20,5,26.042158057935076,"{0: 15, 1: 0, 2: 0, 3: 0, 4: 0}",1
243,False,"{'a': 0.5, 'e': 0.007528532292527055}",20,7,20.341714482198434,"{0: 13, 1: 0, 2: 0, 3: 0, 4: 0}",1
244,False,"{'a': 0.5, 'e': 0.007377961646676513}",25,3,27.257682107675357,"{0: 22, 1: 0, 2: 0, 3: 0, 4: 0}",1
245,False,"{'a': 0.5, 'e': 0.007230402413742983}",25,19,9.758546016395293,"{0: 6, 1: 0, 2: 0, 3: 0, 4: 0}",1
246,False,"{'a': 0.5, 'e': 0.007085794365468123}",20,15,9.15341396823029,"{0: 5, 1: 0, 2: 0, 3: 0, 4: 0}",1
247,False,"{'a': 0.5, 'e': 0.00694407847815876}",25,4,29.92064493922244,"{0: 21, 1: 0, 2: 0, 3: 0, 4: 0}",1
248,False,"{'a': 0.5, 'e': 0.0068051969085955845}",30,22,16.362288185112778,"{0: 8, 1: 0, 2: 0, 3: 0, 4: 0}",1
249,False,"{'a': 0.5, 'e': 0.006669092970423673}",20,15,6.77116154299804,"{0: 5, 1: 0, 2: 0, 3: 0, 4: 0}",1
250,False,"{'a': 0.5, 'e': 0.006535711111015199}",20,14,7.963384695044638,"{0: 6, 1: 0, 2: 0, 3: 0, 4: 0}",1
251,False,"{'a': 0.5, 'e': 0.006404996888794895}",25,14,23.482525562098132,"{0: 11, 1: 0, 2: 0, 3: 0, 4: 0}",1
252,False,"{'a': 0.5, 'e': 0.006276896951018997}",25,16,13.145456048096857,"{0: 9, 1: 0, 2: 0, 3: 0, 4: 0}",1
253,False,"{'a': 0.5, 'e': 0.006151359011998617}",30,24,11.109188136502356,"{0: 6, 1: 0, 2: 0, 3: 0, 4: 0}",1
254,False,"{'a': 0.5, 'e': 0.006028331831758644}",20,4,25.88706269245751,"{0: 16, 1: 0, 2: 0, 3: 0, 4: 0}",1
255,False,"{'a': 0.5, 'e': 0.005907765195123471}",25,15,21.12063992726264,"{0: 10, 1: 0, 2: 0, 3: 0, 4: 0}",1
256,False,"{'a': 0.5, 'e': 0.005789609891221002}",30,20,20.129669296667437,"{0: 10, 1: 0, 2: 0, 3: 0, 4: 0}",1
257,False,"{'a': 0.5, 'e': 0.005673817693396582}",30,18,27.289680720655795,"{0: 12, 1: 0, 2: 0, 3: 0, 4: 0}",1
258,False,"{'a': 0.5, 'e': 0.00556034133952865}",20,0,26.414458918111684,"{0: 20, 1: 0, 2: 0, 3: 0, 4: 0}",0
259,False,"{'a': 0.5, 'e': 0.005449134512738076}",25,15,16.80544388484169,"{0: 10, 1: 0, 2: 0, 3: 0, 4: 0}",1
260,False,"{'a': 0.5, 'e': 0.0053401518224833145}",20,9,15.43910485319648,"{0: 11, 1: 0, 2: 0, 3: 0, 4: 0}",1
261,False,"{'a': 0.5, 'e': 0.005233348786033648}",35,25,17.833710337486902,"{0: 10, 1: 0, 2: 0, 3: 0, 4: 0}",1
262,False,"{'a': 0.5, 'e': 0.005128681810312975}",25,20,11.702958849661174,"{0: 5, 1: 0, 2: 0, 3: 0, 4: 0}",1
263,False,"{'a': 0.5, 'e': 0.005026108174106716}",30,21,16.21650783048446,"{0: 9, 1: 0, 2: 0, 3: 0, 4: 0}",1
264,False,"{'a': 0.5, 'e': 0.004925586010624581}",20,16,8.366741063355448,"{0: 4, 1: 0, 2: 0, 3: 0, 4: 0}",1
265,False,"{'a': 0.5, 'e': 0.004827074290412089}",25,5,32.259799550940976,"{0: 20, 1: 0, 2: 0, 3: 0, 4: 0}",1
266,False,"{'a': 0.5, 'e': 0.004730532804603847}",20,6,19.569562434204556,"{0: 14, 1: 0, 2: 0, 3: 0, 4: 0}",1
267,False,"{'a': 0.5, 'e': 0.00463592214851177}",20,7,26.841655551379777,"{0: 13, 1: 0, 2: 0, 3: 0, 4: 0}",1
268,False,"{'a': 0.5, 'e': 0.004543203705541535}",25,11,22.321603641227508,"{0: 14, 1: 0, 2: 0, 3: 0, 4: 0}",1
269,False,"{'a': 0.5, 'e': 0.004452339631430704}",20,9,21.243926429375087,"{0: 11, 1: 0, 2: 0, 3: 0, 4: 0}",1
270,False,"{'a': 0.5, 'e': 0.00436329283880209}",30,9,35.81394000173765,"{0: 21, 1: 0, 2: 0, 3: 0, 4: 0}",1
271,False,"{'a': 0.5, 'e': 0.004276026982026048}",20,9,18.440386999721568,"{0: 11, 1: 0, 2: 0, 3: 0, 4: 0}",1
272,False,"{'a': 0.5, 'e': 0.004190506442385527}",30,15,25.64451026965496,"{0: 15, 1: 0, 2: 0, 3: 0, 4: 0}",1
273,False,"{'a': 0.5, 'e': 0.004106696313537816}",20,0,28.982943848760865,"{0: 20, 1: 0, 2: 0, 3: 0, 4: 0}",0
274,False,"{'a': 0.5, 'e': 0.00402456238726706}",20,10,17.566079767452585,"{0: 10, 1: 0, 2: 0, 3: 0, 4: 0}",1
275,False,"{'a': 0.5, 'e': 0.003944071139521719}",30,10,34.82351084944946,"{0: 20, 1: 0, 2: 0, 3: 0, 4: 0}",1
276,False,"{'a': 0.5, 'e': 0.0038651897167312848}",20,0,25.201526314787134,"{0: 20, 1: 0, 2: 0, 3: 0, 4: 0}",0
277,False,"{'a': 0.5, 'e': 0.003787885922396659}",20,0,24.588214107833483,"{0: 20, 1: 0, 2: 0, 3: 0, 4: 0}",0
278,False,"{'a': 0.5, 'e': 0.003712128203948726}",20,2,29.26704421929461,"{0: 18, 1: 0, 2: 0, 3: 0, 4: 0}",1
279,False,"{'a': 0.5, 'e': 0.0036378856398697514}",25,8,27.606511185954393,"{0: 17, 1: 0, 2: 0, 3: 0, 4: 0}",1
280,False,"{'a': 0.5, 'e': 0.0035651279270723563}",25,19,11.591656144041828,"{0: 6, 1: 0, 2: 0, 3: 0, 4: 0}",1
281,False,"{'a': 0.5, 'e': 0.0034938253685309092}",20,12,14.553891448301927,"{0: 8, 1: 0, 2: 0, 3: 0, 4: 0}",1
282,False,"{'a': 0.5, 'e': 0.003423948861160291}",30,11,26.32941606655807,"{0: 19, 1: 0, 2: 0, 3: 0, 4: 0}",1
283,False,"{'a': 0.5, 'e': 0.0033554698839370852}",20,0,34.95310791750283,"{0: 20, 1: 0, 2: 0, 3: 0, 4: 0}",0
284,False,"{'a': 0.5, 'e': 0.0032883604862583436}",30,19,21.77936928432571,"{0: 11, 1: 0, 2: 0, 3: 0, 4: 0}",1
285,False,"{'a': 0.5, 'e': 0.0032225932765331767}",30,5,36.59341659765005,"{0: 25, 1: 0, 2: 0, 3: 0, 4: 0}",1
286,False,"{'a': 0.5, 'e': 0.003158141411002513}",20,8,19.696857841542187,"{0: 12, 1: 0, 2: 0, 3: 0, 4: 0}",1
287,False,"{'a': 0.5, 'e': 0.003094978582782463}",30,13,29.344642831066146,"{0: 17, 1: 0, 2: 0, 3: 0, 4: 0}",1
288,False,"{'a': 0.5, 'e': 0.0030330790111268136}",25,14,21.8018053182572,"{0: 11, 1: 0, 2: 0, 3: 0, 4: 0}",1
289,False,"{'a': 0.5, 'e': 0.0029724174309042773}",25,11,20.687376476299836,"{0: 14, 1: 0, 2: 0, 3: 0, 4: 0}",1
290,False,"{'a': 0.5, 'e': 0.002912969082286192}",20,14,10.21747731115428,"{0: 6, 1: 0, 2: 0, 3: 0, 4: 0}",1
291,False,"{'a': 0.5, 'e': 0.002854709700640468}",20,16,9.802026543161757,"{0: 4, 1: 0, 2: 0, 3: 0, 4: 0}",1
292,False,"{'a': 0.5, 'e': 0.0027976155066276585}",30,10,35.130315763672264,"{0: 20, 1: 0, 2: 0, 3: 0, 4: 0}",1
293,False,"{'a': 0.5, 'e': 0.0027416631964951054}",20,0,26.905643807534727,"{0: 20, 1: 0, 2: 0, 3: 0, 4: 0}",0
294,False,"{'a': 0.5, 'e': 0.0026868299325652034}",25,2,34.834477775552955,"{0: 23, 1: 0, 2: 0, 3: 0, 4: 0}",1
295,False,"{'a': 0.5, 'e': 0.002633093333913899}",30,6,39.26996940707202,"{0: 24, 1: 0, 2: 0, 3: 0, 4: 0}",1
296,False,"{'a': 0.5, 'e': 0.002580431467235621}",25,0,31.5446567258846,"{0: 25, 1: 0, 2: 0, 3: 0, 4: 0}",0
297,False,"{'a': 0.5, 'e': 0.0025288228378909086}",20,3,24.998728200397984,"{0: 17, 1: 0, 2: 0, 3: 0, 4: 0}",1
298,False,"{'a': 0.5, 'e': 0.0024782463811330903}",30,14,29.499379796079037,"{0: 16, 1: 0, 2: 0, 3: 0, 4: 0}",1
299,False,"{'a': 0.5, 'e': 0.0024286814535104282}",20,14,13.125244720771331,"{0: 6, 1: 0, 2: 0, 3: 0, 4: 0}",1
300,False,"{'a': 0.5, 'e': 0.0023801078244402194}",20,14,7.492687457604965,"{0: 6, 1: 0, 2: 0, 3: 0, 4: 0}",1
301,False,"{'a': 0.5, 'e': 0.002332505667951415}",20,0,29.603839403501,"{0: 20, 1: 0, 2: 0, 3: 0, 4: 0}",1
302,False,"{'a': 0.5, 'e': 0.0022858555545923866}",20,0,23.771319391745266,"{0: 20, 1: 0, 2: 0, 3: 0, 4: 0}",0
303,False,"{'a': 0.5, 'e': 0.002240138443500539}",25,7,29.917915592988415,"{0: 18, 1: 0, 2: 0, 3: 0, 4: 0}",1
304,False,"{'a': 0.5, 'e': 0.002195335674630528}",25,10,24.59915325650354,"{0: 15, 1: 0, 2: 0, 3: 0, 4: 0}",1
305,False,"{'a': 0.5, 'e': 0.0021514289611379175}",20,15,7.9274826185696154,"{0: 5, 1: 0, 2: 0, 3: 0, 4: 0}",1
306,False,"{'a': 0.5, 'e': 0.002108400381915159}",20,12,12.854724483385285,"{0: 8, 1: 0, 2: 0, 3: 0, 4: 0}",1
307,False,"{'a': 0.5, 'e': 0.002066232374276856}",25,13,23.50455036450049,"{0: 12, 1: 0, 2: 0, 3: 0, 4: 0}",1
308,False,"{'a': 0.5, 'e': 0.002024907726791319}",20,8,24.00724496587677,"{0: 12, 1: 0, 2: 0, 3: 0, 4: 0}",1
309,False,"{'a': 0.5, 'e': 0.0019844095722554925}",30,12,30.627772557930477,"{0: 18, 1: 0, 2: 0, 3: 0, 4: 0}",1
310,False,"{'a': 0.5, 'e': 0.0019447213808103825}",20,16,8.84524541934301,"{0: 4, 1: 0, 2: 0, 3: 0, 4: 0}",1
311,False,"{'a': 0.5, 'e': 0.0019058269531941749}",20,7,18.03689793367626,"{0: 13, 1: 0, 2: 0, 3: 0, 4: 0}",1
312,False,"{'a': 0.5, 'e': 0.0018677104141302913}",25,16,16.18384300810769,"{0: 9, 1: 0, 2: 0, 3: 0, 4: 0}",1
313,False,"{'a': 0.5, 'e': 0.0018303562058476855}",20,0,27.274321073377045,"{0: 20, 1: 0, 2: 0, 3: 0, 4: 0}",0
314,False,"{'a': 0.5, 'e': 0.0017937490817307316}",25,6,33.37895522920441,"{0: 19, 1: 0, 2: 0, 3: 0, 4: 0}",1
315,False,"{'a': 0.5, 'e': 0.001757874100096117}",20,7,22.394785116108345,"{0: 13, 1: 0, 2: 0, 3: 0, 4: 0}",1
316,False,"{'a': 0.5, 'e': 0.0017227166180941945}",25,13,20.389422872974603,"{0: 12, 1: 0, 2: 0, 3: 0, 4: 0}",1
317,False,"{'a': 0.5, 'e': 0.0016882622857323107}",25,20,9.795201032732079,"{0: 5, 1: 0, 2: 0, 3: 0, 4: 0}",1
318,False,"{'a': 0.5, 'e': 0.0016544970400176645}",20,8,18.01521239536027,"{0: 12, 1: 0, 2: 0, 3: 0, 4: 0}",1
319,False,"{'a': 0.5, 'e': 0.0016214070992173113}",30,19,18.618991358123836,"{0: 11, 1: 0, 2: 0, 3: 0, 4: 0}",1
320,False,"{'a': 0.5, 'e': 0.001588978957232965}",30,16,22.2907161680047,"{0: 14, 1: 0, 2: 0, 3: 0, 4: 0}",1
321,False,"{'a': 0.5, 'e': 0.0015571993780883057}",25,13,24.292437818708223,"{0: 12, 1: 0, 2: 0, 3: 0, 4: 0}",1
322,False,"{'a': 0.5, 'e': 0.0015260553905265396}",30,20,21.098757174768824,"{0: 10, 1: 0, 2: 0, 3: 0, 4: 0}",1
323,False,"{'a': 0.5, 'e': 0.0014955342827160088}",25,15,20.553105848278985,"{0: 10, 1: 0, 2: 0, 3: 0, 4: 0}",1
324,False,"{'a': 0.5, 'e': 0.0014656235970616886}",20,10,15.974496899537966,"{0: 10, 1: 0, 2: 0, 3: 0, 4: 0}",1
325,False,"{'a': 0.5, 'e': 0.0014363111251204548}",20,10,17.680241379291473,"{0: 10, 1: 0, 2: 0, 3: 0, 4: 0}",1
326,False,"{'a': 0.5, 'e': 0.0014075849026180458}",20,6,26.71195746802015,"{0: 14, 1: 0, 2: 0, 3: 0, 4: 0}",1
327,False,"{'a': 0.5, 'e': 0.001379433204565685}",20,11,13.963635224131295,"{0: 9, 1: 0, 2: 0, 3: 0, 4: 0}",1
328,False,"{'a': 0.5, 'e': 0.0013518445404743713}",30,23,11.653064991544193,"{0: 7, 1: 0, 2: 0, 3: 0, 4: 0}",1
329,False,"{'a': 0.5, 'e': 0.0013248076496648838}",25,17,15.517353896459234,"{0: 8, 1: 0, 2: 0, 3: 0, 4: 0}",1
330,False,"{'a': 0.5, 'e': 0.0012983114966715861}",35,19,32.89779290549513,"{0: 16, 1: 0, 2: 0, 3: 0, 4: 0}",1
331,False,"{'a': 0.5, 'e': 0.0012723452667381544}",20,15,8.186110703647614,"{0: 5, 1: 0, 2: 0, 3: 0, 4: 0}",1
332,False,"{'a': 0.5, 'e': 0.0012468983614033913}",35,23,19.375226253257683,"{0: 12, 1: 0, 2: 0, 3: 0, 4: 0}",1
333,False,"{'a': 0.5, 'e': 0.0012219603941753235}",25,2,33.863419982889475,"{0: 23, 1: 0, 2: 0, 3: 0, 4: 0}",1
334,False,"{'a': 0.5, 'e': 0.001197521186291817}",30,18,20.27750841442737,"{0: 12, 1: 0, 2: 0, 3: 0, 4: 0}",1
335,False,"{'a': 0.5, 'e': 0.0011735707625659807}",25,12,21.822857297944363,"{0: 13, 1: 0, 2: 0, 3: 0, 4: 0}",1
336,False,"{'a': 0.5, 'e': 0.001150099347314661}",20,12,10.633326377784881,"{0: 8, 1: 0, 2: 0, 3: 0, 4: 0}",1
337,False,"{'a': 0.5, 'e': 0.0011270973603683678}",25,19,10.830831256905439,"{0: 6, 1: 0, 2: 0, 3: 0, 4: 0}",1
338,False,"{'a': 0.5, 'e': 0.0011045554131610005}",25,11,26.729079978375502,"{0: 14, 1: 0, 2: 0, 3: 0, 4: 0}",1
339,False,"{'a': 0.5, 'e': 0.0010824643048977804}",30,18,20.47888362097027,"{0: 12, 1: 0, 2: 0, 3: 0, 4: 0}",1
340,False,"{'a': 0.5, 'e': 0.0010608150187998249}",20,10,14.632787199579692,"{0: 10, 1: 0, 2: 0, 3: 0, 4: 0}",1
341,False,"{'a': 0.5, 'e': 0.0010395987184238283}",35,13,36.65140864075485,"{0: 22, 1: 0, 2: 0, 3: 0, 4: 0}",1
342,False,"{'a': 0.5, 'e': 0.0010188067440553518}",25,11,20.37836837386412,"{0: 14, 1: 0, 2: 0, 3: 0, 4: 0}",1
343,False,"{'a': 0.5, 'e': 0.0009984306091742447}",25,13,19.087312682946713,"{0: 12, 1: 0, 2: 0, 3: 0, 4: 0}",1
344,False,"{'a': 0.5, 'e': 0.0009784619969907598}",25,17,15.80785653252706,"{0: 8, 1: 0, 2: 0, 3: 0, 4: 0}",1
345,False,"{'a': 0.5, 'e': 0.0009588927570509446}",20,10,18.458368367072545,"{0: 10, 1: 0, 2: 0, 3: 0, 4: 0}",1
346,False,"{'a': 0.5, 'e': 0.0009397149019099258}",25,11,24.906674660771678,"{0: 14, 1: 0, 2: 0, 3: 0, 4: 0}",1
347,False,"{'a': 0.5, 'e': 0.0009209206038717272}",25,0,29.82991373982184,"{0: 25, 1: 0, 2: 0, 3: 0, 4: 0}",0
348,False,"{'a': 0.5, 'e': 0.0009025021917942927}",20,11,16.02132708552843,"{0: 9, 1: 0, 2: 0, 3: 0, 4: 0}",1
349,False,"{'a': 0.5, 'e': 0.0008844521479584068}",25,13,22.71503448053457,"{0: 12, 1: 0, 2: 0, 3: 0, 4: 0}",1
350,False,"{'a': 0.5, 'e': 0.0008667631049992387}",25,20,7.413256007170363,"{0: 5, 1: 0, 2: 0, 3: 0, 4: 0}",1
351,False,"{'a': 0.5, 'e': 0.0008494278428992539}",30,15,29.414735379550507,"{0: 15, 1: 0, 2: 0, 3: 0, 4: 0}",1
352,False,"{'a': 0.5, 'e': 0.0008324392860412688}",30,21,15.369969380691602,"{0: 9, 1: 0, 2: 0, 3: 0, 4: 0}",1
353,False,"{'a': 0.5, 'e': 0.0008157905003204434}",35,20,27.641504864914708,"{0: 15, 1: 0, 2: 0, 3: 0, 4: 0}",1
354,False,"{'a': 0.5, 'e': 0.0007994746903140346}",20,6,21.193093645740532,"{0: 14, 1: 0, 2: 0, 3: 0, 4: 0}",1
355,False,"{'a': 0.5, 'e': 0.0007834851965077539}",25,13,21.173224134234207,"{0: 12, 1: 0, 2: 0, 3: 0, 4: 0}",1
356,False,"{'a': 0.5, 'e': 0.0007678154925775988}",20,8,20.682815077101004,"{0: 12, 1: 0, 2: 0, 3: 0, 4: 0}",1
357,False,"{'a': 0.5, 'e': 0.0007524591827260468}",25,10,24.463373976703902,"{0: 15, 1: 0, 2: 0, 3: 0, 4: 0}",1
358,False,"{'a': 0.5, 'e': 0.0007374099990715259}",20,8,21.544286272595382,"{0: 12, 1: 0, 2: 0, 3: 0, 4: 0}",1
359,False,"{'a': 0.5, 'e': 0.0007226617990900954}",25,8,24.70405063283126,"{0: 17, 1: 0, 2: 0, 3: 0, 4: 0}",1
360,False,"{'a': 0.5, 'e': 0.0007082085631082935}",30,12,28.902400530053466,"{0: 18, 1: 0, 2: 0, 3: 0, 4: 0}",1
361,False,"{'a': 0.5, 'e': 0.0006940443918461276}",25,8,24.522774467455026,"{0: 17, 1: 0, 2: 0, 3: 0, 4: 0}",1
362,False,"{'a': 0.5, 'e': 0.000680163504009205}",20,13,14.176082210946584,"{0: 7, 1: 0, 2: 0, 3: 0, 4: 0}",1
363,False,"{'a': 0.5, 'e': 0.000666560233929021}",25,12,22.03558381042015,"{0: 13, 1: 0, 2: 0, 3: 0, 4: 0}",1
364,False,"{'a': 0.5, 'e': 0.0006532290292504406}",20,16,5.652556781972375,"{0: 4, 1: 0, 2: 0, 3: 0, 4: 0}",1
365,False,"{'a': 0.5, 'e': 0.0006401644486654318}",20,13,12.9554363349394,"{0: 7, 1: 0, 2: 0, 3: 0, 4: 0}",1
366,False,"{'a': 0.5, 'e': 0.0006273611596921231}",20,11,18.513645593608587,"{0: 9, 1: 0, 2: 0, 3: 0, 4: 0}",1
367,False,"{'a': 0.5, 'e': 0.0006148139364982807}",20,11,17.59990463044967,"{0: 9, 1: 0, 2: 0, 3: 0, 4: 0}",1
368,False,"{'a': 0.5, 'e': 0.0006025176577683151}",25,12,21.577693341656346,"{0: 13, 1: 0, 2: 0, 3: 0, 4: 0}",1
369,False,"{'a': 0.5, 'e': 0.0005904673046129488}",20,8,21.109338426423484,"{0: 12, 1: 0, 2: 0, 3: 0, 4: 0}",1
370,False,"{'a': 0.5, 'e': 0.0005786579585206898}",20,7,22.78404749382852,"{0: 13, 1: 0, 2: 0, 3: 0, 4: 0}",1
371,False,"{'a': 0.5, 'e': 0.000567084799350276}",25,2,36.89261686077044,"{0: 23, 1: 0, 2: 0, 3: 0, 4: 0}",1
372,False,"{'a': 0.5, 'e': 0.0005557431033632705}",35,19,24.54546167611126,"{0: 16, 1: 0, 2: 0, 3: 0, 4: 0}",1
373,False,"{'a': 0.5, 'e': 0.000544628241296005}",20,13,14.476702508176235,"{0: 7, 1: 0, 2: 0, 3: 0, 4: 0}",1
374,False,"{'a': 0.5, 'e': 0.0005337356764700849}",20,4,22.049091736895175,"{0: 16, 1: 0, 2: 0, 3: 0, 4: 0}",1
375,False,"{'a': 0.5, 'e': 0.0005230609629406832}",25,15,19.053437036653737,"{0: 10, 1: 0, 2: 0, 3: 0, 4: 0}",1
376,False,"{'a': 0.5, 'e': 0.0005125997436818695}",20,11,14.541814846461943,"{0: 9, 1: 0, 2: 0, 3: 0, 4: 0}",1
377,False,"{'a': 0.5, 'e': 0.0005023477488082321}",20,15,13.225294300991182,"{0: 5, 1: 0, 2: 0, 3: 0, 4: 0}",1
378,False,"{'a': 0.5, 'e': 0.0004923007938320674}",20,0,28.910018452499653,"{0: 20, 1: 0, 2: 0, 3: 0, 4: 0}",1
379,False,"{'a': 0.5, 'e': 0.0004824547779554261}",30,7,38.412353974429,"{0: 23, 1: 0, 2: 0, 3: 0, 4: 0}",1
380,False,"{'a': 0.5, 'e': 0.0004728056823963176}",35,5,51.072705226195474,"{0: 30, 1: 0, 2: 0, 3: 0, 4: 0}",1
381,False,"{'a': 0.5, 'e': 0.0004633495687483912}",30,7,32.17240363227482,"{0: 23, 1: 0, 2: 0, 3: 0, 4: 0}",1
382,False,"{'a': 0.5, 'e': 0.0004540825773734234}",20,8,19.37949243742726,"{0: 12, 1: 0, 2: 0, 3: 0, 4: 0}",1
383,False,"{'a': 0.5, 'e': 0.00044500092582595494}",25,11,26.263547455399404,"{0: 14, 1: 0, 2: 0, 3: 0, 4: 0}",1
384,False,"{'a': 0.5, 'e': 0.00043610090730943584}",20,9,20.83614979677535,"{0: 11, 1: 0, 2: 0, 3: 0, 4: 0}",1
385,False,"{'a': 0.5, 'e': 0.0004273788891632471}",30,18,21.44330313676435,"{0: 12, 1: 0, 2: 0, 3: 0, 4: 0}",1
386,False,"{'a': 0.5, 'e': 0.00041883131137998217}",20,8,17.76851848866553,"{0: 12, 1: 0, 2: 0, 3: 0, 4: 0}",1
387,False,"{'a': 0.5, 'e': 0.0004104546851523825}",25,0,33.226012042482076,"{0: 25, 1: 0, 2: 0, 3: 0, 4: 0}",0
388,False,"{'a': 0.5, 'e': 0.00040224559144933484}",25,7,31.559042716897544,"{0: 18, 1: 0, 2: 0, 3: 0, 4: 0}",1
389,False,"{'a': 0.5, 'e': 0.00039420067962034816}",20,0,27.972087287706223,"{0: 20, 1: 0, 2: 0, 3: 0, 4: 0}",0
390,False,"{'a': 0.5, 'e': 0.0003863166660279412}",20,6,24.906233090528126,"{0: 14, 1: 0, 2: 0, 3: 0, 4: 0}",1
391,False,"{'a': 0.5, 'e': 0.00037859033270738236}",20,12,11.688332241323806,"{0: 8, 1: 0, 2: 0, 3: 0, 4: 0}",1
392,False,"{'a': 0.5, 'e': 0.0003710185260532347}",25,13,21.623908469427327,"{0: 12, 1: 0, 2: 0, 3: 0, 4: 0}",1
393,False,"{'a': 0.5, 'e': 0.00036359815553217}",20,0,28.65842759371184,"{0: 20, 1: 0, 2: 0, 3: 0, 4: 0}",0
394,False,"{'a': 0.5, 'e': 0.0003563261924215266}",20,5,25.56949958187862,"{0: 15, 1: 0, 2: 0, 3: 0, 4: 0}",1
395,False,"{'a': 0.5, 'e': 0.00034919966857309604}",25,15,19.63052388803096,"{0: 10, 1: 0, 2: 0, 3: 0, 4: 0}",1
396,False,"{'a': 0.5, 'e': 0.0003422156752016341}",20,12,15.451462993691099,"{0: 8, 1: 0, 2: 0, 3: 0, 4: 0}",1
397,False,"{'a': 0.5, 'e': 0.00033537136169760145}",20,13,13.189908640789369,"{0: 7, 1: 0, 2: 0, 3: 0, 4: 0}",1
398,False,"{'a': 0.5, 'e': 0.0003286639344636494}",25,7,33.59028151429756,"{0: 18, 1: 0, 2: 0, 3: 0, 4: 0}",1
399,False,"{'a': 0.5, 'e': 0.0003220906557743764}",30,19,16.80404378713079,"{0: 11, 1: 0, 2: 0, 3: 0, 4: 0}",1
400,False,"{'a': 0.5, 'e': 0.00031564884265888887}",20,3,25.320742891780675,"{0: 17, 1: 0, 2: 0, 3: 0, 4: 0}",1
401,False,"{'a': 0.5, 'e': 0.0003093358658057111}",20,11,14.724023690541106,"{0: 9, 1: 0, 2: 0, 3: 0, 4: 0}",1
402,False,"{'a': 0.5, 'e': 0.0003031491484895969}",20,10,16.975816981268448,"{0: 10, 1: 0, 2: 0, 3: 0, 4: 0}",1
403,False,"{'a': 0.5, 'e': 0.00029708616551980496}",25,17,10.604407795897835,"{0: 8, 1: 0, 2: 0, 3: 0, 4: 0}",1
404,False,"{'a': 0.5, 'e': 0.00029114444220940886}",25,8,21.246319298417387,"{0: 17, 1: 0, 2: 0, 3: 0, 4: 0}",1
405,False,"{'a': 0.5, 'e': 0.00028532155336522067}",25,0,36.283492263629114,"{0: 25, 1: 0, 2: 0, 3: 0, 4: 0}",0
406,False,"{'a': 0.5, 'e': 0.00027961512229791625}",20,11,15.086064962442904,"{0: 9, 1: 0, 2: 0, 3: 0, 4: 0}",1
407,False,"{'a': 0.5, 'e': 0.00027402281985195793}",25,13,18.26787162111232,"{0: 12, 1: 0, 2: 0, 3: 0, 4: 0}",1
408,False,"{'a': 0.5, 'e': 0.00026854236345491875}",25,16,17.34498443028353,"{0: 9, 1: 0, 2: 0, 3: 0, 4: 0}",1
409,False,"{'a': 0.5, 'e': 0.00026317151618582036}",20,10,16.840755886963287,"{0: 10, 1: 0, 2: 0, 3: 0, 4: 0}",1
410,False,"{'a': 0.5, 'e': 0.00025790808586210394}",20,13,12.436670709062406,"{0: 7, 1: 0, 2: 0, 3: 0, 4: 0}",1
411,False,"{'a': 0.5, 'e': 0.00025274992414486185}",35,18,33.816268347119916,"{0: 17, 1: 0, 2: 0, 3: 0, 4: 0}",1
412,False,"{'a': 0.5, 'e': 0.00024769492566196463}",20,12,18.89469918225846,"{0: 8, 1: 0, 2: 0, 3: 0, 4: 0}",1
413,False,"{'a': 0.5, 'e': 0.00024274102714872534}",20,9,19.716042580513793,"{0: 11, 1: 0, 2: 0, 3: 0, 4: 0}",1
414,False,"{'a': 0.5, 'e': 0.00023788620660575082}",25,17,13.748329603317522,"{0: 8, 1: 0, 2: 0, 3: 0, 4: 0}",1
415,False,"{'a': 0.5, 'e': 0.0002331284824736358}",25,15,15.42983431150364,"{0: 10, 1: 0, 2: 0, 3: 0, 4: 0}",1
416,False,"{'a': 0.5, 'e': 0.0002284659128241631}",25,10,23.942400525405446,"{0: 15, 1: 0, 2: 0, 3: 0, 4: 0}",1
417,False,"{'a': 0.5, 'e': 0.00022389659456767983}",25,0,36.08445637813784,"{0: 25, 1: 0, 2: 0, 3: 0, 4: 0}",0
418,False,"{'a': 0.5, 'e': 0.00021941866267632623}",20,0,26.86167542887664,"{0: 20, 1: 0, 2: 0, 3: 0, 4: 0}",0
419,False,"{'a': 0.5, 'e': 0.0002150302894227997}",25,10,22.61022672396178,"{0: 15, 1: 0, 2: 0, 3: 0, 4: 0}",1
420,False,"{'a': 0.5, 'e': 0.0002107296836343437}",25,13,27.90573406443781,"{0: 12, 1: 0, 2: 0, 3: 0, 4: 0}",1
421,False,"{'a': 0.5, 'e': 0.00020651508996165683}",20,9,16.634837692893374,"{0: 11, 1: 0, 2: 0, 3: 0, 4: 0}",1
422,False,"{'a': 0.5, 'e': 0.00020238478816242368}",20,10,19.425598724980336,"{0: 10, 1: 0, 2: 0, 3: 0, 4: 0}",1
423,False,"{'a': 0.5, 'e': 0.0001983370923991752}",25,3,30.533788972590738,"{0: 22, 1: 0, 2: 0, 3: 0, 4: 0}",1
424,False,"{'a': 0.5, 'e': 0.0001943703505511917}",20,10,17.381918829692687,"{0: 10, 1: 0, 2: 0, 3: 0, 4: 0}",1
425,False,"{'a': 0.5, 'e': 0.00019048294354016786}",20,0,25.66605285967813,"{0: 20, 1: 0, 2: 0, 3: 0, 4: 0}",0
426,False,"{'a': 0.5, 'e': 0.0001866732846693645}",30,15,26.017994510579697,"{0: 15, 1: 0, 2: 0, 3: 0, 4: 0}",1
427,False,"{'a': 0.5, 'e': 0.0001829398189759772}",20,1,25.075031411820127,"{0: 19, 1: 0, 2: 0, 3: 0, 4: 0}",1
428,False,"{'a': 0.5, 'e': 0.00017928102259645766}",20,14,10.107749618071031,"{0: 6, 1: 0, 2: 0, 3: 0, 4: 0}",1
429,False,"{'a': 0.5, 'e': 0.0001756954021445285}",20,13,14.351990308749492,"{0: 7, 1: 0, 2: 0, 3: 0, 4: 0}",1
430,False,"{'a': 0.5, 'e': 0.00017218149410163792}",25,0,37.12098191362363,"{0: 25, 1: 0, 2: 0, 3: 0, 4: 0}",0
431,False,"{'a': 0.5, 'e': 0.00016873786421960516}",25,11,25.36114939143057,"{0: 14, 1: 0, 2: 0, 3: 0, 4: 0}",1
432,False,"{'a': 0.5, 'e': 0.00016536310693521307}",30,15,24.48244920497594,"{0: 15, 1: 0, 2: 0, 3: 0, 4: 0}",1
433,False,"{'a': 0.5, 'e': 0.0001620558447965088}",35,16,34.50730427563561,"{0: 19, 1: 0, 2: 0, 3: 0, 4: 0}",1
434,False,"{'a': 0.5, 'e': 0.0001588147279005786}",30,14,26.490100124586306,"{0: 16, 1: 0, 2: 0, 3: 0, 4: 0}",1
435,False,"{'a': 0.5, 'e': 0.00015563843334256703}",25,5,37.636854376448156,"{0: 20, 1: 0, 2: 0, 3: 0, 4: 0}",1
436,False,"{'a': 0.5, 'e': 0.00015252566467571568}",20,16,6.444843142435005,"{0: 4, 1: 0, 2: 0, 3: 0, 4: 0}",1
437,False,"{'a': 0.5, 'e': 0.00014947515138220136}",20,16,8.051356300254088,"{0: 4, 1: 0, 2: 0, 3: 0, 4: 0}",1
438,False,"{'a': 0.5, 'e': 0.00014648564835455732}",25,10,29.326502382312665,"{0: 15, 1: 0, 2: 0, 3: 0, 4: 0}",1
439,False,"{'a': 0.5, 'e': 0.00014355593538746618}",30,20,18.924125950192632,"{0: 10, 1: 0, 2: 0, 3: 0, 4: 0}",1
440,False,"{'a': 0.5, 'e': 0.00014068481667971685}",20,10,21.221974324420838,"{0: 10, 1: 0, 2: 0, 3: 0, 4: 0}",1
441,False,"{'a': 0.5, 'e': 0.00013787112034612252}",20,8,20.349774977613585,"{0: 12, 1: 0, 2: 0, 3: 0, 4: 0}",1
442,False,"{'a': 0.5, 'e': 0.00013511369793920008}",25,20,10.1084316165399,"{0: 5, 1: 0, 2: 0, 3: 0, 4: 0}",1
443,False,"{'a': 0.5, 'e': 0.00013241142398041607}",25,0,36.394968165013665,"{0: 25, 1: 0, 2: 0, 3: 0, 4: 0}",0
444,False,"{'a': 0.5, 'e': 0.00012976319550080776}",20,9,16.217805019315634,"{0: 11, 1: 0, 2: 0, 3: 0, 4: 0}",1
445,False,"{'a': 0.5, 'e': 0.0001271679315907916}",20,7,21.21621365808147,"{0: 13, 1: 0, 2: 0, 3: 0, 4: 0}",1
446,False,"{'a': 0.5, 'e': 0.00012462457295897575}",20,14,11.347214371763933,"{0: 6, 1: 0, 2: 0, 3: 0, 4: 0}",1
447,False,"{'a': 0.5, 'e': 0.00012213208149979623}",20,16,8.288812242721718,"{0: 4, 1: 0, 2: 0, 3: 0, 4: 0}",1
448,False,"{'a': 0.5, 'e': 0.0001196894398698003}",25,14,17.377982512829874,"{0: 11, 1: 0, 2: 0, 3: 0, 4: 0}",1
449,False,"{'a': 0.5, 'e': 0.00011729565107240429}",35,17,31.274142740258853,"{0: 18, 1: 0, 2: 0, 3: 0, 4: 0}",1
450,False,"{'a': 0.5, 'e': 0.0001149497380509562}",20,8,14.872835713721715,"{0: 12, 1: 0, 2: 0, 3: 0, 4: 0}",1
451,False,"{'a': 0.5, 'e': 0.00011265074328993709}",30,12,30.175410638471796,"{0: 18, 1: 0, 2: 0, 3: 0, 4: 0}",1
452,False,"{'a': 0.5, 'e': 0.00011039772842413834}",25,13,20.391260225973674,"{0: 12, 1: 0, 2: 0, 3: 0, 4: 0}",1
453,False,"{'a': 0.5, 'e': 0.00010818977385565557}",20,10,18.451076022579237,"{0: 10, 1: 0, 2: 0, 3: 0, 4: 0}",1
454,False,"{'a': 0.5, 'e': 0.00010602597837854246}",25,19,11.515641683664098,"{0: 6, 1: 0, 2: 0, 3: 0, 4: 0}",1
455,False,"{'a': 0.5, 'e': 0.00010390545881097161}",25,5,29.96688312626054,"{0: 20, 1: 0, 2: 0, 3: 0, 4: 0}",1
456,False,"{'a': 0.5, 'e': 0.00010182734963475218}",30,18,23.88403622344151,"{0: 12, 1: 0, 2: 0, 3: 0, 4: 0}",1
457,False,"{'a': 0.5, 'e': 9.979080264205714e-05}",20,12,13.315657087700734,"{0: 8, 1: 0, 2: 0, 3: 0, 4: 0}",1
458,False,"{'a': 0.5, 'e': 9.7794986589216e-05}",25,19,12.982544086673766,"{0: 6, 1: 0, 2: 0, 3: 0, 4: 0}",1
459,False,"{'a': 0.5, 'e': 9.583908685743168e-05}",30,20,20.44854192247909,"{0: 10, 1: 0, 2: 0, 3: 0, 4: 0}",1
460,False,"{'a': 0.5, 'e': 9.392230512028304e-05}",25,10,23.664363331395478,"{0: 15, 1: 0, 2: 0, 3: 0, 4: 0}",1
461,False,"{'a': 0.5, 'e': 9.204385901787738e-05}",20,15,10.450035213192105,"{0: 5, 1: 0, 2: 0, 3: 0, 4: 0}",1
462,False,"{'a': 0.5, 'e': 9.020298183751983e-05}",30,8,36.85157176502846,"{0: 22, 1: 0, 2: 0, 3: 0, 4: 0}",1
463,False,"{'a': 0.5, 'e': 8.839892220076943e-05}",25,18,14.9595992533294,"{0: 7, 1: 0, 2: 0, 3: 0, 4: 0}",1
464,False,"{'a': 0.5, 'e': 8.663094375675404e-05}",20,6,21.91043628770649,"{0: 14, 1: 0, 2: 0, 3: 0, 4: 0}",1
465,False,"{'a': 0.5, 'e': 8.489832488161895e-05}",30,17,23.651915678350225,"{0: 13, 1: 0, 2: 0, 3: 0, 4: 0}",1
466,False,"{'a': 0.5, 'e': 8.320035838398657e-05}",20,5,23.55801115312351,"{0: 15, 1: 0, 2: 0, 3: 0, 4: 0}",1
467,False,"{'a': 0.5, 'e': 8.153635121630684e-05}",25,12,25.3080514955132,"{0: 13, 1: 0, 2: 0, 3: 0, 4: 0}",1
468,False,"{'a': 0.5, 'e': 7.99056241919807e-05}",20,5,29.44274717970878,"{0: 15, 1: 0, 2: 0, 3: 0, 4: 0}",1
469,False,"{'a': 0.5, 'e': 7.830751170814108e-05}",25,4,27.377060023651723,"{0: 21, 1: 0, 2: 0, 3: 0, 4: 0}",1
470,False,"{'a': 0.5, 'e': 7.674136147397825e-05}",20,8,16.47786687980606,"{0: 12, 1: 0, 2: 0, 3: 0, 4: 0}",1
471,False,"{'a': 0.5, 'e': 7.520653424449868e-05}",20,0,32.270461438227585,"{0: 20, 1: 0, 2: 0, 3: 0, 4: 0}",0
472,False,"{'a': 0.5, 'e': 7.370240355960871e-05}",25,11,24.839649996945667,"{0: 14, 1: 0, 2: 0, 3: 0, 4: 0}",1
473,False,"{'a': 0.5, 'e': 7.222835548841654e-05}",25,14,19.96051930986537,"{0: 11, 1: 0, 2: 0, 3: 0, 4: 0}",1
474,False,"{'a': 0.5, 'e': 7.07837883786482e-05}",25,15,19.937094623597176,"{0: 10, 1: 0, 2: 0, 3: 0, 4: 0}",1
475,False,"{'a': 0.5, 'e': 6.936811261107524e-05}",20,9,17.50769769151141,"{0: 11, 1: 0, 2: 0, 3: 0, 4: 0}",1
476,False,"{'a': 0.5, 'e': 6.798075035885373e-05}",35,22,19.344230909104464,"{0: 13, 1: 0, 2: 0, 3: 0, 4: 0}",1
477,False,"{'a': 0.5, 'e': 6.662113535167666e-05}",20,8,22.067415409554457,"{0: 12, 1: 0, 2: 0, 3: 0, 4: 0}",1
478,False,"{'a': 0.5, 'e': 6.528871264464312e-05}",30,4,39.46403271919714,"{0: 26, 1: 0, 2: 0, 3: 0, 4: 0}",1
479,False,"{'a': 0.5, 'e': 6.398293839175025e-05}",20,0,29.21151175225293,"{0: 20, 1: 0, 2: 0, 3: 0, 4: 0}",0
480,False,"{'a': 0.5, 'e': 6.270327962391525e-05}",25,8,28.88511146576085,"{0: 17, 1: 0, 2: 0, 3: 0, 4: 0}",1
481,False,"{'a': 0.5, 'e': 6.144921403143694e-05}",20,16,6.827288067055106,"{0: 4, 1: 0, 2: 0, 3: 0, 4: 0}",1
482,False,"{'a': 0.5, 'e': 6.0220229750808205e-05}",25,8,32.72440093650464,"{0: 17, 1: 0, 2: 0, 3: 0, 4: 0}",1
483,False,"{'a': 0.5, 'e': 5.901582515579204e-05}",20,14,7.300757510589594,"{0: 6, 1: 0, 2: 0, 3: 0, 4: 0}",1
484,False,"{'a': 0.5, 'e': 5.78355086526762e-05}",35,15,41.71689289152377,"{0: 20, 1: 0, 2: 0, 3: 0, 4: 0}",1
485,False,"{'a': 0.5, 'e': 5.6678798479622674e-05}",30,16,22.027171008025697,"{0: 14, 1: 0, 2: 0, 3: 0, 4: 0}",1
486,False,"{'a': 0.5, 'e': 5.554522251003022e-05}",20,0,28.226633512249897,"{0: 20, 1: 0, 2: 0, 3: 0, 4: 0}",0
487,False,"{'a': 0.5, 'e': 5.4434318059829614e-05}",25,0,36.89461886879699,"{0: 25, 1: 0, 2: 0, 3: 0, 4: 0}",1
488,False,"{'a': 0.5, 'e': 5.334563169863302e-05}",30,18,19.84103599005918,"{0: 12, 1: 0, 2: 0, 3: 0, 4: 0}",1
489,False,"{'a': 0.5, 'e': 5.2278719064660364e-05}",20,12,13.97709141494071,"{0: 8, 1: 0, 2: 0, 3: 0, 4: 0}",1
490,False,"{'a': 0.5, 'e': 5.123314468336716e-05}",25,3,34.32759264586341,"{0: 22, 1: 0, 2: 0, 3: 0, 4: 0}",1
491,False,"{'a': 0.5, 'e': 5.0208481789699815e-05}",20,3,24.147205054776965,"{0: 17, 1: 0, 2: 0, 3: 0, 4: 0}",1
492,False,"{'a': 0.5, 'e': 4.920431215390582e-05}",25,17,10.189405902217858,"{0: 8, 1: 0, 2: 0, 3: 0, 4: 0}",1
493,False,"{'a': 0.5, 'e': 4.82202259108277e-05}",25,20,11.184408274959138,"{0: 5, 1: 0, 2: 0, 3: 0, 4: 0}",1
494,False,"{'a': 0.5, 'e': 4.725582139261114e-05}",25,11,20.387954068969204,"{0: 14, 1: 0, 2: 0, 3: 0, 4: 0}",1
495,False,"{'a': 0.5, 'e': 4.631070496475892e-05}",20,4,23.51716345809643,"{0: 16, 1: 0, 2: 0, 3: 0, 4: 0}",1
496,False,"{'a': 0.5, 'e': 4.538449086546374e-05}",30,19,20.738948551524246,"{0: 11, 1: 0, 2: 0, 3: 0, 4: 0}",1
497,False,"{'a': 0.5, 'e': 4.4476801048154464e-05}",30,8,35.56706552863792,"{0: 22, 1: 0, 2: 0, 3: 0, 4: 0}",1
498,False,"{'a': 0.5, 'e': 4.358726502719138e-05}",20,0,31.781219489628068,"{0: 20, 1: 0, 2: 0, 3: 0, 4: 0}",0
499,False,"{'a': 0.5, 'e': 4.271551972664755e-05}",20,13,13.086707494281809,"{0: 7, 1: 0, 2: 0, 3: 0, 4: 0}",1
500,False,"{'a': 0.5, 'e': 4.1861209332114595e-05}",20,12,12.980807593979002,"{0: 8, 1: 0, 2: 0, 3: 0, 4: 0}",1
501,False,"{'a': 0.5, 'e': 4.10239851454723e-05}",25,3,38.13769584314552,"{0: 22, 1: 0, 2: 0, 3: 0, 4: 0}",1
502,False,"{'a': 0.5, 'e': 4.020350544256286e-05}",25,17,16.400937613160533,"{0: 8, 1: 0, 2: 0, 3: 0, 4: 0}",1
503,False,"{'a': 0.5, 'e': 3.9399435333711604e-05}",20,12,16.26406496414716,"{0: 8, 1: 0, 2: 0, 3: 0, 4: 0}",1
504,False,"{'a': 0.5, 'e': 3.861144662703737e-05}",35,26,16.758288571156005,"{0: 9, 1: 0, 2: 0, 3: 0, 4: 0}",1
505,False,"{'a': 0.5, 'e': 3.783921769449662e-05}",20,13,13.760183814669016,"{0: 7, 1: 0, 2: 0, 3: 0, 4: 0}",1
506,False,"{'a': 0.5, 'e': 3.7082433340606686e-05}",20,3,21.055419764091454,"{0: 17, 1: 0, 2: 0, 3: 0, 4: 0}",1
507,False,"{'a': 0.5, 'e': 3.634078467379455e-05}",30,20,17.33224823481907,"{0: 10, 1: 0, 2: 0, 3: 0, 4: 0}",1
508,False,"{'a': 0.5, 'e': 3.561396898031866e-05}",25,13,23.059394958597885,"{0: 12, 1: 0, 2: 0, 3: 0, 4: 0}",1
509,False,"{'a': 0.5, 'e': 3.4901689600712285e-05}",30,16,22.776051766406745,"{0: 14, 1: 0, 2: 0, 3: 0, 4: 0}",1
510,False,"{'a': 0.5, 'e': 3.420365580869804e-05}",25,8,32.151616071243396,"{0: 17, 1: 0, 2: 0, 3: 0, 4: 0}",1
511,False,"{'a': 0.5, 'e': 3.351958269252408e-05}",20,8,21.437949001494914,"{0: 12, 1: 0, 2: 0, 3: 0, 4: 0}",1
512,False,"{'a': 0.5, 'e': 3.28491910386736e-05}",20,5,24.94279999114482,"{0: 15, 1: 0, 2: 0, 3: 0, 4: 0}",1
513,False,"{'a': 0.5, 'e': 3.2192207217900126e-05}",25,6,34.6265284560958,"{0: 19, 1: 0, 2: 0, 3: 0, 4: 0}",1
514,False,"{'a': 0.5, 'e': 3.154836307354212e-05}",25,0,42.35861183459609,"{0: 25, 1: 0, 2: 0, 3: 0, 4: 0}",0
515,False,"{'a': 0.5, 'e': 3.091739581207128e-05}",20,16,8.084320296760543,"{0: 4, 1: 0, 2: 0, 3: 0, 4: 0}",1
516,False,"{'a': 0.5, 'e': 3.0299047895829852e-05}",25,13,22.231764049618143,"{0: 12, 1: 0, 2: 0, 3: 0, 4: 0}",1
517,False,"{'a': 0.5, 'e': 2.9693066937913256e-05}",25,13,21.96018833998087,"{0: 12, 1: 0, 2: 0, 3: 0, 4: 0}",1
518,False,"{'a': 0.5, 'e': 2.909920559915499e-05}",25,9,19.96205062786436,"{0: 16, 1: 0, 2: 0, 3: 0, 4: 0}",1
519,False,"{'a': 0.5, 'e': 2.851722148717189e-05}",20,16,7.758483023556037,"{0: 4, 1: 0, 2: 0, 3: 0, 4: 0}",1
520,False,"{'a': 0.5, 'e': 2.7946877057428453e-05}",25,5,30.924748325650285,"{0: 20, 1: 0, 2: 0, 3: 0, 4: 0}",1
521,False,"{'a': 0.5, 'e': 2.7387939516279882e-05}",20,11,18.408620053053664,"{0: 9, 1: 0, 2: 0, 3: 0, 4: 0}",1
522,False,"{'a': 0.5, 'e': 2.6840180725954283e-05}",20,0,29.066838991924023,"{0: 20, 1: 0, 2: 0, 3: 0, 4: 0}",0
523,False,"{'a': 0.5, 'e': 2.6303377111435197e-05}",20,5,20.734434370974768,"{0: 15, 1: 0, 2: 0, 3: 0, 4: 0}",1
524,False,"{'a': 0.5, 'e': 2.5777309569206492e-05}",20,12,13.840779611207411,"{0: 8, 1: 0, 2: 0, 3: 0, 4: 0}",1
525,False,"{'a': 0.5, 'e': 2.526176337782236e-05}",20,13,15.494373265308758,"{0: 7, 1: 0, 2: 0, 3: 0, 4: 0}",1
526,False,"{'a': 0.5, 'e': 2.4756528110265915e-05}",35,15,39.349098114472625,"{0: 20, 1: 0, 2: 0, 3: 0, 4: 0}",1
527,False,"{'a': 0.5, 'e': 2.4261397548060596e-05}",25,16,16.660573496022817,"{0: 9, 1: 0, 2: 0, 3: 0, 4: 0}",1
528,False,"{'a': 0.5, 'e': 2.3776169597099382e-05}",20,15,9.304093695973762,"{0: 5, 1: 0, 2: 0, 3: 0, 4: 0}",1
529,False,"{'a': 0.5, 'e': 2.3300646205157395e-05}",20,0,31.778981647528973,"{0: 20, 1: 0, 2: 0, 3: 0, 4: 0}",0
530,False,"{'a': 0.5, 'e': 2.2834633281054246e-05}",20,11,16.796474597739852,"{0: 9, 1: 0, 2: 0, 3: 0, 4: 0}",1
531,False,"{'a': 0.5, 'e': 2.237794061543316e-05}",20,7,22.99862347530371,"{0: 13, 1: 0, 2: 0, 3: 0, 4: 0}",1
532,False,"{'a': 0.5, 'e': 2.1930381803124498e-05}",20,16,7.689236725986037,"{0: 4, 1: 0, 2: 0, 3: 0, 4: 0}",1
533,False,"{'a': 0.5, 'e': 2.1491774167062008e-05}",20,16,7.396102323629686,"{0: 4, 1: 0, 2: 0, 3: 0, 4: 0}",1
534,False,"{'a': 0.5, 'e': 2.1061938683720766e-05}",20,8,23.331973588992387,"{0: 12, 1: 0, 2: 0, 3: 0, 4: 0}",1
535,False,"{'a': 0.5, 'e': 2.064069991004635e-05}",20,13,16.393517973351436,"{0: 7, 1: 0, 2: 0, 3: 0, 4: 0}",1
536,False,"{'a': 0.5, 'e': 2.0227885911845424e-05}",25,16,20.905325240005542,"{0: 9, 1: 0, 2: 0, 3: 0, 4: 0}",1
537,False,"{'a': 0.5, 'e': 1.9823328193608513e-05}",25,9,28.24363988344023,"{0: 16, 1: 0, 2: 0, 3: 0, 4: 0}",1
538,False,"{'a': 0.5, 'e': 1.9426861629736343e-05}",20,13,14.342518441324028,"{0: 7, 1: 0, 2: 0, 3: 0, 4: 0}",1
539,False,"{'a': 0.5, 'e': 1.9038324397141615e-05}",25,8,30.815170797659157,"{0: 17, 1: 0, 2: 0, 3: 0, 4: 0}",1
540,False,"{'a': 0.5, 'e': 1.8657557909198784e-05}",20,12,14.109768361062414,"{0: 8, 1: 0, 2: 0, 3: 0, 4: 0}",1
541,False,"{'a': 0.5, 'e': 1.8284406751014807e-05}",25,7,29.50955419612431,"{0: 18, 1: 0, 2: 0, 3: 0, 4: 0}",1
542,False,"{'a': 0.5, 'e': 1.791871861599451e-05}",20,0,30.527407779237766,"{0: 20, 1: 0, 2: 0, 3: 0, 4: 0}",0
543,False,"{'a': 0.5, 'e': 1.756034424367462e-05}",20,11,18.55376270770676,"{0: 9, 1: 0, 2: 0, 3: 0, 4: 0}",1
544,False,"{'a': 0.5, 'e': 1.7209137358801126e-05}",20,11,16.292946989037723,"{0: 9, 1: 0, 2: 0, 3: 0, 4: 0}",1
545,False,"{'a': 0.5, 'e': 1.6864954611625103e-05}",20,12,13.413253255011423,"{0: 8, 1: 0, 2: 0, 3: 0, 4: 0}",1
546,False,"{'a': 0.5, 'e': 1.6527655519392602e-05}",20,15,8.592549091016835,"{0: 5, 1: 0, 2: 0, 3: 0, 4: 0}",1
547,False,"{'a': 0.5, 'e': 1.619710240900475e-05}",20,2,17.25874963751342,"{0: 17, 1: 0, 2: 1, 3: 0, 4: 0}",1
548,False,"{'a': 0.5, 'e': 1.5873160360824654e-05}",20,12,13.665377985089242,"{0: 8, 1: 0, 2: 0, 3: 0, 4: 0}",1
549,False,"{'a': 0.5, 'e': 1.555569715360816e-05}",30,11,32.1203153914751,"{0: 19, 1: 0, 2: 0, 3: 0, 4: 0}",1
550,False,"{'a': 0.5, 'e': 1.5244583210535997e-05}",25,17,15.678919591776708,"{0: 8, 1: 0, 2: 0, 3: 0, 4: 0}",1
551,False,"{'a': 0.5, 'e': 1.4939691546325278e-05}",30,16,26.20181589485494,"{0: 14, 1: 0, 2: 0, 3: 0, 4: 0}",1
552,False,"{'a': 0.5, 'e': 1.4640897715398771e-05}",25,14,22.151083399911432,"{0: 11, 1: 0, 2: 0, 3: 0, 4: 0}",1
553,False,"{'a': 0.5, 'e': 1.4348079761090796e-05}",30,1,44.19281511288736,"{0: 29, 1: 0, 2: 0, 3: 0, 4: 0}",1
554,False,"{'a': 0.5, 'e': 1.406111816586898e-05}",20,0,35.60249836008989,"{0: 20, 1: 0, 2: 0, 3: 0, 4: 0}",1
555,False,"{'a': 0.5, 'e': 1.37798958025516e-05}",25,15,16.077222492816908,"{0: 10, 1: 0, 2: 0, 3: 0, 4: 0}",1
556,False,"{'a': 0.5, 'e': 1.3504297886500567e-05}",30,7,36.89269847235664,"{0: 23, 1: 0, 2: 0, 3: 0, 4: 0}",1
557,False,"{'a': 0.5, 'e': 1.3234211928770556e-05}",20,0,27.44368832156269,"{0: 20, 1: 0, 2: 0, 3: 0, 4: 0}",0
558,False,"{'a': 0.5, 'e': 1.2969527690195145e-05}",20,10,16.920619856618572,"{0: 10, 1: 0, 2: 0, 3: 0, 4: 0}",1
559,False,"{'a': 0.5, 'e': 1.2710137136391243e-05}",20,15,8.740842240852462,"{0: 5, 1: 0, 2: 0, 3: 0, 4: 0}",1
560,False,"{'a': 0.5, 'e': 1.2455934393663418e-05}",20,10,17.726178896020258,"{0: 10, 1: 0, 2: 0, 3: 0, 4: 0}",1
561,False,"{'a': 0.5, 'e': 1.2206815705790148e-05}",25,17,14.253852979557108,"{0: 8, 1: 0, 2: 0, 3: 0, 4: 0}",1
562,False,"{'a': 0.5, 'e': 1.1962679391674344e-05}",20,7,23.77700622312009,"{0: 13, 1: 0, 2: 0, 3: 0, 4: 0}",1
563,False,"{'a': 0.5, 'e': 1.1723425803840857e-05}",20,0,26.688205853602167,"{0: 20, 1: 0, 2: 0, 3: 0, 4: 0}",0
564,False,"{'a': 0.5, 'e': 1.148895728776404e-05}",20,5,20.80508848473187,"{0: 15, 1: 0, 2: 0, 3: 0, 4: 0}",1
565,False,"{'a': 0.5, 'e': 1.1259178142008759e-05}",30,11,34.41299332379329,"{0: 19, 1: 0, 2: 0, 3: 0, 4: 0}",1
566,False,"{'a': 0.5, 'e': 1.1033994579168583e-05}",20,5,27.319131361147328,"{0: 15, 1: 0, 2: 0, 3: 0, 4: 0}",1
567,False,"{'a': 0.5, 'e': 1.081331468758521e-05}",20,8,19.19347050464463,"{0: 12, 1: 0, 2: 0, 3: 0, 4: 0}",1
568,False,"{'a': 0.5, 'e': 1.0597048393833507e-05}",30,7,39.34738299989807,"{0: 23, 1: 0, 2: 0, 3: 0, 4: 0}",1
569,False,"{'a': 0.5, 'e': 1.0385107425956836e-05}",20,15,9.5606738533048,"{0: 5, 1: 0, 2: 0, 3: 0, 4: 0}",1
570,False,"{'a': 0.5, 'e': 1.0177405277437699e-05}",25,0,37.387507379790165,"{0: 25, 1: 0, 2: 0, 3: 0, 4: 0}",0
571,False,"{'a': 0.5, 'e': 9.973857171888945e-06}",20,15,8.265689651110186,"{0: 5, 1: 0, 2: 0, 3: 0, 4: 0}",1
1,True,"{'a': 0.0, 'e': 0.0}",20,11,15.708694191898354,"{0: 9, 1: 0, 2: 0, 3: 0, 4: 0}",1
2,True,"{'a': 0.0, 'e': 0.0}",25,7,28.8634062437893,"{0: 18, 1: 0, 2: 0, 3: 0, 4: 0}",1
3,True,"{'a': 0.0, 'e': 0.0}",20,13,12.585110083468644,"{0: 7, 1: 0, 2: 0, 3: 0, 4: 0}",1
4,True,"{'a': 0.0, 'e': 0.0}",35,5,40.92888255984989,"{0: 30, 1: 0, 2: 0, 3: 0, 4: 0}",1
5,True,"{'a': 0.0, 'e': 0.0}",20,12,14.593566765012131,"{0: 8, 1: 0, 2: 0, 3: 0, 4: 0}",1
6,True,"{'a': 0.0, 'e': 0.0}",35,5,48.32784202794511,"{0: 30, 1: 0, 2: 0, 3: 0, 4: 0}",1
7,True,"{'a': 0.0, 'e': 0.0}",25,2,38.47319660253161,"{0: 23, 1: 0, 2: 0, 3: 0, 4: 0}",1
8,True,"{'a': 0.0, 'e': 0.0}",30,8,38.3289176648508,"{0: 22, 1: 0, 2: 0, 3: 0, 4: 0}",1
9,True,"{'a': 0.0, 'e': 0.0}",30,17,21.31866797719843,"{0: 13, 1: 0, 2: 0, 3: 0, 4: 0}",1
10,True,"{'a': 0.0, 'e': 0.0}",20,13,13.36441082043384,"{0: 7, 1: 0, 2: 0, 3: 0, 4: 0}",1
11,True,"{'a': 0.0, 'e': 0.0}",30,16,24.36140746637615,"{0: 14, 1: 0, 2: 0, 3: 0, 4: 0}",1
12,True,"{'a': 0.0, 'e': 0.0}",20,16,8.077550787781714,"{0: 4, 1: 0, 2: 0, 3: 0, 4: 0}",1
13,True,"{'a': 0.0, 'e': 0.0}",25,3,35.12283729858423,"{0: 22, 1: 0, 2: 0, 3: 0, 4: 0}",1
14,True,"{'a': 0.0, 'e': 0.0}",25,16,17.956168568254327,"{0: 9, 1: 0, 2: 0, 3: 0, 4: 0}",1
15,True,"{'a': 0.0, 'e': 0.0}",20,13,11.122045971272302,"{0: 7, 1: 0, 2: 0, 3: 0, 4: 0}",1
16,True,"{'a': 0.0, 'e': 0.0}",20,10,14.225534264984356,"{0: 10, 1: 0, 2: 0, 3: 0, 4: 0}",1
17,True,"{'a': 0.0, 'e': 0.0}",30,23,7.88707282116486,"{0: 6, 1: 1, 2: 0, 3: 0, 4: 0}",1
18,True,"{'a': 0.0, 'e': 0.0}",25,13,22.347964119581526,"{0: 12, 1: 0, 2: 0, 3: 0, 4: 0}",1
19,True,"{'a': 0.0, 'e': 0.0}",20,8,18.330168346078402,"{0: 12, 1: 0, 2: 0, 3: 0, 4: 0}",1
20,True,"{'a': 0.0, 'e': 0.0}",25,16,18.034670517890675,"{0: 9, 1: 0, 2: 0, 3: 0, 4: 0}",1
21,True,"{'a': 0.0, 'e': 0.0}",30,15,24.35632557407306,"{0: 15, 1: 0, 2: 0, 3: 0, 4: 0}",1
22,True,"{'a': 0.0, 'e': 0.0}",25,10,28.639712035292813,"{0: 15, 1: 0, 2: 0, 3: 0, 4: 0}",1
23,True,"{'a': 0.0, 'e': 0.0}",20,10,17.768822420401904,"{0: 10, 1: 0, 2: 0, 3: 0, 4: 0}",1
24,True,"{'a': 0.0, 'e': 0.0}",25,15,19.760671445239133,"{0: 10, 1: 0, 2: 0, 3: 0, 4: 0}",1
25,True,"{'a': 0.0, 'e': 0.0}",20,0,33.330810644712415,"{0: 20, 1: 0, 2: 0, 3: 0, 4: 0}",1
26,True,"{'a': 0.0, 'e': 0.0}",20,16,6.390716508738116,"{0: 4, 1: 0, 2: 0, 3: 0, 4: 0}",1
27,True,"{'a': 0.0, 'e': 0.0}",30,14,31.582345399667933,"{0: 16, 1: 0, 2: 0, 3: 0, 4: 0}",1
28,True,"{'a': 0.0, 'e': 0.0}",20,5,22.06354111450599,"{0: 15, 1: 0, 2: 0, 3: 0, 4: 0}",1
29,True,"{'a': 0.0, 'e': 0.0}",25,5,29.24300111323341,"{0: 20, 1: 0, 2: 0, 3: 0, 4: 0}",1
30,True,"{'a': 0.0, 'e': 0.0}",35,23,23.07924698194635,"{0: 12, 1: 0, 2: 0, 3: 0, 4: 0}",1
